"Step","pc_swe_v4_1-4b_n10k_t1k-32k-bs16-mbs16-n16-0.1-0.9 - hack/train/reward_wo_hack","pc_swe_v4_1-4b_n10k_t1k-32k-bs16-mbs16-n16-0.1-0.9 - hack/train/reward_wo_hack__MIN","pc_swe_v4_1-4b_n10k_t1k-32k-bs16-mbs16-n16-0.1-0.9 - hack/train/reward_wo_hack__MAX","pc_swe_v4_1-4b_n10k_t1k-32k-bs16-mbs16-n16-0.0-1.0 - hack/train/reward_wo_hack","pc_swe_v4_1-4b_n10k_t1k-32k-bs16-mbs16-n16-0.0-1.0 - hack/train/reward_wo_hack__MIN","pc_swe_v4_1-4b_n10k_t1k-32k-bs16-mbs16-n16-0.0-1.0 - hack/train/reward_wo_hack__MAX","pc_swe_v4_1-4b_b_n10k_t1k-32k-bs16-mbs16-n16-no_rej-no_mask - hack/train/reward_wo_hack","pc_swe_v4_1-4b_b_n10k_t1k-32k-bs16-mbs16-n16-no_rej-no_mask - hack/train/reward_wo_hack__MIN","pc_swe_v4_1-4b_b_n10k_t1k-32k-bs16-mbs16-n16-no_rej-no_mask - hack/train/reward_wo_hack__MAX"
"1","0.3020325203252033","0.3020325203252033","0.3020325203252033","0.3601659751037345","0.3601659751037345","0.3601659751037345","0.31048387096774194","0.31048387096774194","0.31048387096774194"
"2","0.4218623481781377","0.4218623481781377","0.4218623481781377","0.37398373983739835","0.37398373983739835","0.37398373983739835","0.3770491803278688","0.3770491803278688","0.3770491803278688"
"3","0.26772908366533865","0.26772908366533865","0.26772908366533865","0.2853658536585367","0.2853658536585367","0.2853658536585367","0.27530364372469635","0.27530364372469635","0.27530364372469635"
"4","0.36944444444444446","0.36944444444444446","0.36944444444444446","0.3463414634146342","0.3463414634146342","0.3463414634146342","0.3176470588235294","0.3176470588235294","0.3176470588235294"
"5","0.24600000000000002","0.24600000000000002","0.24600000000000002","0.2704453441295547","0.2704453441295547","0.2704453441295547","0.2056451612903226","0.2056451612903226","0.2056451612903226"
"6","0.25000000000000006","0.25000000000000006","0.25000000000000006","0.27419354838709675","0.27419354838709675","0.27419354838709675","0.26693227091633465","0.26693227091633465","0.26693227091633465"
"7","0.1873015873015873","0.1873015873015873","0.1873015873015873","0.2262948207171315","0.2262948207171315","0.2262948207171315","0.16141732283464566","0.16141732283464566","0.16141732283464566"
"8","0.1946938775510204","0.1946938775510204","0.1946938775510204","0.16275303643724698","0.16275303643724698","0.16275303643724698","0.17131474103585656","0.17131474103585656","0.17131474103585656"
"9","0.38531746031746034","0.38531746031746034","0.38531746031746034","0.38189300411522636","0.38189300411522636","0.38189300411522636","0.3333333333333333","0.3333333333333333","0.3333333333333333"
"10","0.184","0.184","0.184","0.2","0.2","0.2","0.14453125","0.14453125","0.14453125"
"11","0.23359683794466404","0.23359683794466404","0.23359683794466404","0.24365079365079367","0.24365079365079367","0.24365079365079367","0.232","0.232","0.232"
"12","0.29365079365079366","0.29365079365079366","0.29365079365079366","0.3164","0.3164","0.3164","0.285140562248996","0.285140562248996","0.285140562248996"
"13","0.28353413654618476","0.28353413654618476","0.28353413654618476","0.2787755102040817","0.2787755102040817","0.2787755102040817","0.23170731707317074","0.23170731707317074","0.23170731707317074"
"14","0.157201646090535","0.157201646090535","0.157201646090535","0.17283464566929133","0.17283464566929133","0.17283464566929133","0.1865079365079365","0.1865079365079365","0.1865079365079365"
"15","0.4330677290836654","0.4330677290836654","0.4330677290836654","0.41330645161290325","0.41330645161290325","0.41330645161290325","0.38976377952755903","0.38976377952755903","0.38976377952755903"
"16","0.3807228915662651","0.3807228915662651","0.3807228915662651","0.3948616600790514","0.3948616600790514","0.3948616600790514","0.3895582329317269","0.3895582329317269","0.3895582329317269"
"17","0.23960000000000004","0.23960000000000004","0.23960000000000004","0.26932270916334666","0.26932270916334666","0.26932270916334666","0.208","0.208","0.208"
"18","0.16413502109704645","0.16413502109704645","0.16413502109704645","0.1974576271186441","0.1974576271186441","0.1974576271186441","0.15546218487394958","0.15546218487394958","0.15546218487394958"
"19","0.2991701244813278","0.2991701244813278","0.2991701244813278","0.31174089068825916","0.31174089068825916","0.31174089068825916","0.3112033195020747","0.3112033195020747","0.3112033195020747"
"20","0.30199203187251","0.30199203187251","0.30199203187251","0.3027777777777778","0.3027777777777778","0.3027777777777778","0.27125506072874495","0.27125506072874495","0.27125506072874495"
"21","0.18284518828451884","0.18284518828451884","0.18284518828451884","0.15643153526970954","0.15643153526970954","0.15643153526970954","0.16393442622950818","0.16393442622950818","0.16393442622950818"
"22","0.28521739130434787","0.28521739130434787","0.28521739130434787","0.2771784232365146","0.2771784232365146","0.2771784232365146","0.2572614107883817","0.2572614107883817","0.2572614107883817"
"23","0.3782051282051282","0.3782051282051282","0.3782051282051282","0.37782426778242684","0.37782426778242684","0.37782426778242684","0.3333333333333333","0.3333333333333333","0.3333333333333333"
"24","0.0924901185770751","0.0924901185770751","0.0924901185770751","0.13048780487804879","0.13048780487804879","0.13048780487804879","0.11522633744855967","0.11522633744855967","0.11522633744855967"
"25","0.11422764227642276","0.11422764227642276","0.11422764227642276","0.1270161290322581","0.1270161290322581","0.1270161290322581","0.09881422924901186","0.09881422924901186","0.09881422924901186"
"26","0.44583333333333336","0.44583333333333336","0.44583333333333336","0.48477366255144033","0.48477366255144033","0.48477366255144033","0.3765182186234818","0.3765182186234818","0.3765182186234818"
"27","0.2522267206477733","0.2522267206477733","0.2522267206477733","0.2406374501992032","0.2406374501992032","0.2406374501992032","0.2204724409448819","0.2204724409448819","0.2204724409448819"
"28","0.4281124497991968","0.4281124497991968","0.4281124497991968","0.38656126482213443","0.38656126482213443","0.38656126482213443","0.37401574803149606","0.37401574803149606","0.37401574803149606"
"29","0.16549019607843138","0.16549019607843138","0.16549019607843138","0.1707509881422925","0.1707509881422925","0.1707509881422925","0.1865079365079365","0.1865079365079365","0.1865079365079365"
"30","0.1679166666666667","0.1679166666666667","0.1679166666666667","0.1956175298804781","0.1956175298804781","0.1956175298804781","0.17142857142857143","0.17142857142857143","0.17142857142857143"
"31","0.20822510822510826","0.20822510822510826","0.20822510822510826","0.19793388429752068","0.19793388429752068","0.19793388429752068","0.18181818181818182","0.18181818181818182","0.18181818181818182"
"32","0.13588709677419356","0.13588709677419356","0.13588709677419356","0.12326530612244899","0.12326530612244899","0.12326530612244899","0.096","0.096","0.096"
"33","0.49609375","0.49609375","0.49609375","0.5027450980392157","0.5027450980392157","0.5027450980392157","0.484375","0.484375","0.484375"
"34","0.2351239669421488","0.2351239669421488","0.2351239669421488","0.1888888888888889","0.1888888888888889","0.1888888888888889","0.1935483870967742","0.1935483870967742","0.1935483870967742"
"35","0.3995744680851064","0.3995744680851064","0.3995744680851064","0.39224489795918366","0.39224489795918366","0.39224489795918366","0.3795918367346939","0.3795918367346939","0.3795918367346939"
"36","0.1066390041493776","0.1066390041493776","0.1066390041493776","0.09214876033057853","0.09214876033057853","0.09214876033057853","0.1016260162601626","0.1016260162601626","0.1016260162601626"
"37","0.452","0.452","0.452","0.45222672064777336","0.45222672064777336","0.45222672064777336","0.42857142857142855","0.42857142857142855","0.42857142857142855"
"38","0.21867219917012448","0.21867219917012448","0.21867219917012448","0.23643724696356277","0.23643724696356277","0.23643724696356277","0.21487603305785125","0.21487603305785125","0.21487603305785125"
"39","0.22040816326530613","0.22040816326530613","0.22040816326530613","0.21912350597609562","0.21912350597609562","0.21912350597609562","0.20948616600790515","0.20948616600790515","0.20948616600790515"
"40","0.28739837398373985","0.28739837398373985","0.28739837398373985","0.2921161825726141","0.2921161825726141","0.2921161825726141","0.26907630522088355","0.26907630522088355","0.26907630522088355"
"41","0.1541322314049587","0.1541322314049587","0.1541322314049587","0.16208333333333336","0.16208333333333336","0.16208333333333336","0.16182572614107885","0.16182572614107885","0.16182572614107885"
"42","0.4261603375527427","0.4261603375527427","0.4261603375527427","0.35080645161290325","0.35080645161290325","0.35080645161290325","0.3958333333333333","0.3958333333333333","0.3958333333333333"
"43","0.20557939914163093","0.20557939914163093","0.20557939914163093","0.24759825327510923","0.24759825327510923","0.24759825327510923","0.21888412017167383","0.21888412017167383","0.21888412017167383"
"44","0.37764227642276427","0.37764227642276427","0.37764227642276427","0.38333333333333336","0.38333333333333336","0.38333333333333336","0.3795918367346939","0.3795918367346939","0.3795918367346939"
"45","0.29446640316205536","0.29446640316205536","0.29446640316205536","0.31851851851851853","0.31851851851851853","0.31851851851851853","0.2868525896414343","0.2868525896414343","0.2868525896414343"
"46","0.44000000000000006","0.44000000000000006","0.44000000000000006","0.43960000000000005","0.43960000000000005","0.43960000000000005","0.376","0.376","0.376"
"47","0.3159183673469388","0.3159183673469388","0.3159183673469388","0.3152610441767068","0.3152610441767068","0.3152610441767068","0.3089430894308943","0.3089430894308943","0.3089430894308943"
"48","0.16558704453441295","0.16558704453441295","0.16558704453441295","0.15685483870967745","0.15685483870967745","0.15685483870967745","0.15873015873015872","0.15873015873015872","0.15873015873015872"
"49","0.17183673469387759","0.17183673469387759","0.17183673469387759","0.1772357723577236","0.1772357723577236","0.1772357723577236","0.16317991631799164","0.16317991631799164","0.16317991631799164"
"50","0.3921568627450981","0.3921568627450981","0.3921568627450981","0.3847058823529413","0.3847058823529413","0.3847058823529413","0.4","0.4","0.4"
"51","0.2255144032921811","0.2255144032921811","0.2255144032921811","0.24475806451612905","0.24475806451612905","0.24475806451612905","0.23553719008264462","0.23553719008264462","0.23553719008264462"
"52","0.3937007874015748","0.3937007874015748","0.3937007874015748","0.3996031746031747","0.3996031746031747","0.3996031746031747","0.3877551020408163","0.3877551020408163","0.3877551020408163"
"53","0.19271255060728748","0.19271255060728748","0.19271255060728748","0.18979591836734697","0.18979591836734697","0.18979591836734697","0.16996047430830039","0.16996047430830039","0.16996047430830039"
"54","0.2843621399176955","0.2843621399176955","0.2843621399176955","0.34139344262295085","0.34139344262295085","0.34139344262295085","0.3142857142857143","0.3142857142857143","0.3142857142857143"
"55","0.32967479674796746","0.32967479674796746","0.32967479674796746","0.32661290322580644","0.32661290322580644","0.32661290322580644","0.35365853658536583","0.35365853658536583","0.35365853658536583"
"56","0.43453815261044176","0.43453815261044176","0.43453815261044176","0.4253968253968254","0.4253968253968254","0.4253968253968254","0.38866396761133604","0.38866396761133604","0.38866396761133604"
"57","0.31102040816326537","0.31102040816326537","0.31102040816326537","0.29139344262295086","0.29139344262295086","0.29139344262295086","0.28112449799196787","0.28112449799196787","0.28112449799196787"
"58","0.15684647302904567","0.15684647302904567","0.15684647302904567","0.142570281124498","0.142570281124498","0.142570281124498","0.11382113821138211","0.11382113821138211","0.11382113821138211"
"59","0.23517786561264822","0.23517786561264822","0.23517786561264822","0.24642857142857144","0.24642857142857144","0.24642857142857144","0.23228346456692914","0.23228346456692914","0.23228346456692914"
"60","0.23510204081632655","0.23510204081632655","0.23510204081632655","0.21646090534979429","0.21646090534979429","0.21646090534979429","0.156","0.156","0.156"
"61","0.21721311475409835","0.21721311475409835","0.21721311475409835","0.21910569105691058","0.21910569105691058","0.21910569105691058","0.23387096774193547","0.23387096774193547","0.23387096774193547"
"62","0.3757201646090535","0.3757201646090535","0.3757201646090535","0.33548387096774196","0.33548387096774196","0.33548387096774196","0.3469387755102041","0.3469387755102041","0.3469387755102041"
"63","0.15882352941176472","0.15882352941176472","0.15882352941176472","0.16333333333333336","0.16333333333333336","0.16333333333333336","0.18333333333333332","0.18333333333333332","0.18333333333333332"
"64","0.30753968253968256","0.30753968253968256","0.30753968253968256","0.2592885375494072","0.2592885375494072","0.2592885375494072","0.2890625","0.2890625","0.2890625"
"65","0.3095833333333333","0.3095833333333333","0.3095833333333333","0.3","0.3","0.3","0.20164609053497942","0.20164609053497942","0.20164609053497942"
"66","0.2903225806451613","0.2903225806451613","0.2903225806451613","0.2821862348178138","0.2821862348178138","0.2821862348178138","0.24206349206349206","0.24206349206349206","0.24206349206349206"
"67","0.3300847457627119","0.3300847457627119","0.3300847457627119","0.3460251046025105","0.3460251046025105","0.3460251046025105","0.379746835443038","0.379746835443038","0.379746835443038"
"68","0.36331877729257644","0.36331877729257644","0.36331877729257644","0.2730612244897959","0.2730612244897959","0.2730612244897959","0.31759656652360513","0.31759656652360513","0.31759656652360513"
"69","0.5094861660079053","0.5094861660079053","0.5094861660079053","0.47222222222222227","0.47222222222222227","0.47222222222222227","0.45161290322580644","0.45161290322580644","0.45161290322580644"
"70","0.29475806451612907","0.29475806451612907","0.29475806451612907","0.27951807228915665","0.27951807228915665","0.27951807228915665","","",""
"71","0.4854251012145749","0.4854251012145749","0.4854251012145749","0.45943775100401607","0.45943775100401607","0.45943775100401607","0.4879032258064516","0.4879032258064516","0.4879032258064516"
"72","0.4537549407114625","0.4537549407114625","0.4537549407114625","0.3785714285714286","0.3785714285714286","0.3785714285714286","0.4031620553359684","0.4031620553359684","0.4031620553359684"
"73","0.18995983935742974","0.18995983935742974","0.18995983935742974","0.14734693877551022","0.14734693877551022","0.14734693877551022","0.22950819672131148","0.22950819672131148","0.22950819672131148"
"74","0.20125523012552304","0.20125523012552304","0.20125523012552304","0.21833333333333335","0.21833333333333335","0.21833333333333335","0.2791666666666667","0.2791666666666667","0.2791666666666667"
"75","0.28770491803278697","0.28770491803278697","0.28770491803278697","0.2623481781376519","0.2623481781376519","0.2623481781376519","0.275","0.275","0.275"
"76","0.38658536585365855","0.38658536585365855","0.38658536585365855","0.3556","0.3556","0.3556","0.3898305084745763","0.3898305084745763","0.3898305084745763"
"77","0.16060606060606064","0.16060606060606064","0.16060606060606064","0.06763485477178424","0.06763485477178424","0.06763485477178424","0.14847161572052403","0.14847161572052403","0.14847161572052403"
"78","0.4122362869198313","0.4122362869198313","0.4122362869198313","0.3237903225806452","0.3237903225806452","0.3237903225806452","0.4049586776859504","0.4049586776859504","0.4049586776859504"
"79","0.35604838709677417","0.35604838709677417","0.35604838709677417","0.3387096774193548","0.3387096774193548","0.3387096774193548","0.36885245901639346","0.36885245901639346","0.36885245901639346"
"80","0.2842553191489362","0.2842553191489362","0.2842553191489362","0.17925311203319502","0.17925311203319502","0.17925311203319502","0.24686192468619247","0.24686192468619247","0.24686192468619247"
"81","0.4526104417670682","0.4526104417670682","0.4526104417670682","0.35000000000000003","0.35000000000000003","0.35000000000000003","0.4365079365079365","0.4365079365079365","0.4365079365079365"
"82","0.40362903225806457","0.40362903225806457","0.40362903225806457","0.35204918032786886","0.35204918032786886","0.35204918032786886","0.45","0.45","0.45"
"83","0.25144032921810705","0.25144032921810705","0.25144032921810705","0.1214574898785425","0.1214574898785425","0.1214574898785425","0.23577235772357724","0.23577235772357724","0.23577235772357724"
"84","0.3427385892116183","0.3427385892116183","0.3427385892116183","0.2761133603238867","0.2761133603238867","0.2761133603238867","0.3922413793103448","0.3922413793103448","0.3922413793103448"
"85","0.2728813559322034","0.2728813559322034","0.2728813559322034","0.2139344262295082","0.2139344262295082","0.2139344262295082","0.24472573839662448","0.24472573839662448","0.24472573839662448"
"86","0.22862903225806452","0.22862903225806452","0.22862903225806452","0.1359183673469388","0.1359183673469388","0.1359183673469388","0.2766798418972332","0.2766798418972332","0.2766798418972332"
"87","0.28830645161290325","0.28830645161290325","0.28830645161290325","0.19959349593495934","0.19959349593495934","0.19959349593495934","0.23387096774193547","0.23387096774193547","0.23387096774193547"
"88","0.2668000000000001","0.2668000000000001","0.2668000000000001","0.1304878048780488","0.1304878048780488","0.1304878048780488","0.21810699588477367","0.21810699588477367","0.21810699588477367"
"89","0.15683760683760686","0.15683760683760686","0.15683760683760686","0.1461847389558233","0.1461847389558233","0.1461847389558233","0.1583710407239819","0.1583710407239819","0.1583710407239819"
"90","0.41807228915662653","0.41807228915662653","0.41807228915662653","0.3442622950819672","0.3442622950819672","0.3442622950819672","0.38524590163934425","0.38524590163934425","0.38524590163934425"
"91","0.3368200836820084","0.3368200836820084","0.3368200836820084","0.29380165289256194","0.29380165289256194","0.29380165289256194","0.36796536796536794","0.36796536796536794","0.36796536796536794"
"92","0.23347457627118648","0.23347457627118648","0.23347457627118648","0.14897959183673473","0.14897959183673473","0.14897959183673473","0.2599118942731278","0.2599118942731278","0.2599118942731278"
"93","0.3393013100436682","0.3393013100436682","0.3393013100436682","0.20958333333333332","0.20958333333333332","0.20958333333333332","0.32599118942731276","0.32599118942731276","0.32599118942731276"
"94","0.27860082304526756","0.27860082304526756","0.27860082304526756","0.14919354838709678","0.14919354838709678","0.14919354838709678","0.2620967741935484","0.2620967741935484","0.2620967741935484"
"95","0.40829875518672204","0.40829875518672204","0.40829875518672204","0.22948207171314744","0.22948207171314744","0.22948207171314744","0.4066390041493776","0.4066390041493776","0.4066390041493776"
"96","0.35851528384279474","0.35851528384279474","0.35851528384279474","0.24814814814814817","0.24814814814814817","0.24814814814814817","0.3656387665198238","0.3656387665198238","0.3656387665198238"
"97","0.34958333333333336","0.34958333333333336","0.34958333333333336","0.24552845528455286","0.24552845528455286","0.24552845528455286","0.3487394957983193","0.3487394957983193","0.3487394957983193"
"98","0.3723849372384937","0.3723849372384937","0.3723849372384937","0.21195219123505976","0.21195219123505976","0.21195219123505976","0.3263598326359833","0.3263598326359833","0.3263598326359833"
"99","0.5508333333333333","0.5508333333333333","0.5508333333333333","0.468","0.468","0.468","0.5041322314049587","0.5041322314049587","0.5041322314049587"
"100","0.5595833333333334","0.5595833333333334","0.5595833333333334","0.37720000000000004","0.37720000000000004","0.37720000000000004","0.5103734439834025","0.5103734439834025","0.5103734439834025"
"101","0.40944206008583695","0.40944206008583695","0.40944206008583695","0.22738095238095238","0.22738095238095238","0.22738095238095238","0.5021645021645021","0.5021645021645021","0.5021645021645021"
"102","0.39217391304347826","0.39217391304347826","0.39217391304347826","0.24103585657370524","0.24103585657370524","0.24103585657370524","0.3744493392070485","0.3744493392070485","0.3744493392070485"
"103","0.3441666666666666","0.3441666666666666","0.3441666666666666","0.2831372549019608","0.2831372549019608","0.2831372549019608","0.3876651982378855","0.3876651982378855","0.3876651982378855"
"104","0.38898305084745766","0.38898305084745766","0.38898305084745766","0.20612244897959184","0.20612244897959184","0.20612244897959184","0.35714285714285715","0.35714285714285715","0.35714285714285715"
"105","0.15352697095435686","0.15352697095435686","0.15352697095435686","0.10513833992094862","0.10513833992094862","0.10513833992094862","0.189873417721519","0.189873417721519","0.189873417721519"
"106","0.4088983050847458","0.4088983050847458","0.4088983050847458","0.27689243027888444","0.27689243027888444","0.27689243027888444","0.4051724137931034","0.4051724137931034","0.4051724137931034"
"107","0.3757575757575758","0.3757575757575758","0.3757575757575758","0.26088709677419364","0.26088709677419364","0.26088709677419364","0.4117647058823529","0.4117647058823529","0.4117647058823529"
"108","0.30956521739130444","0.30956521739130444","0.30956521739130444","0.24186991869918703","0.24186991869918703","0.24186991869918703","0.32599118942731276","0.32599118942731276","0.32599118942731276"
"109","0.39067796610169486","0.39067796610169486","0.39067796610169486","0.24798387096774194","0.24798387096774194","0.24798387096774194","0.3905579399141631","0.3905579399141631","0.3905579399141631"
"110","0.4726190476190477","0.4726190476190477","0.4726190476190477","0.3250980392156863","0.3250980392156863","0.3250980392156863","0.43902439024390244","0.43902439024390244","0.43902439024390244"
"111","0.30746887966804975","0.30746887966804975","0.30746887966804975","0.1688976377952756","0.1688976377952756","0.1688976377952756","0.25102880658436216","0.25102880658436216","0.25102880658436216"
"112","0.32970711297071137","0.32970711297071137","0.32970711297071137","0.08709677419354839","0.08709677419354839","0.08709677419354839","0.3261802575107296","0.3261802575107296","0.3261802575107296"
"113","0.455603448275862","0.455603448275862","0.455603448275862","0.2626984126984127","0.2626984126984127","0.2626984126984127","0.44871794871794873","0.44871794871794873","0.44871794871794873"
"114","0.32570281124497996","0.32570281124497996","0.32570281124497996","0.234375","0.234375","0.234375","0.3629032258064516","0.3629032258064516","0.3629032258064516"
"115","0.31375","0.31375","0.31375","0.16284584980237155","0.16284584980237155","0.16284584980237155","0.2680851063829787","0.2680851063829787","0.2680851063829787"
"116","0.36910569105691055","0.36910569105691055","0.36910569105691055","0.27952755905511817","0.27952755905511817","0.27952755905511817","0.368","0.368","0.368"
"117","0.33208333333333334","0.33208333333333334","0.33208333333333334","0.23450980392156864","0.23450980392156864","0.23450980392156864","0.3446808510638298","0.3446808510638298","0.3446808510638298"
"118","0.34025423728813564","0.34025423728813564","0.34025423728813564","0.18709677419354842","0.18709677419354842","0.18709677419354842","0.29910714285714285","0.29910714285714285","0.29910714285714285"
"119","0.4220883534136546","0.4220883534136546","0.4220883534136546","0.1940944881889764","0.1940944881889764","0.1940944881889764","0.36363636363636365","0.36363636363636365","0.36363636363636365"
"120","0.42352941176470593","0.42352941176470593","0.42352941176470593","0.3378486055776893","0.3378486055776893","0.3378486055776893","0.42127659574468085","0.42127659574468085","0.42127659574468085"
"121","0.25844155844155847","0.25844155844155847","0.25844155844155847","0.1173228346456693","0.1173228346456693","0.1173228346456693","0.23008849557522124","0.23008849557522124","0.23008849557522124"
"122","0.3595833333333333","0.3595833333333333","0.3595833333333333","0.27420634920634923","0.27420634920634923","0.27420634920634923","0.2979591836734694","0.2979591836734694","0.2979591836734694"
"123","0.49552845528455275","0.49552845528455275","0.49552845528455275","0.38070866141732285","0.38070866141732285","0.38070866141732285","0.4578313253012048","0.4578313253012048","0.4578313253012048"
"124","0.26282051282051283","0.26282051282051283","0.26282051282051283","0.1439516129032258","0.1439516129032258","0.1439516129032258","0.3274336283185841","0.3274336283185841","0.3274336283185841"
"125","0.32289156626506027","0.32289156626506027","0.32289156626506027","0.17734375000000002","0.17734375000000002","0.17734375000000002","0.37916666666666665","0.37916666666666665","0.37916666666666665"
"126","0.37698744769874476","0.37698744769874476","0.37698744769874476","0.24156862745098043","0.24156862745098043","0.24156862745098043","0.3924050632911392","0.3924050632911392","0.3924050632911392"
"127","0.19770642201834868","0.19770642201834868","0.19770642201834868","0.15137254901960784","0.15137254901960784","0.15137254901960784","0.21890547263681592","0.21890547263681592","0.21890547263681592"
"128","0.2516666666666667","0.2516666666666667","0.2516666666666667","0.2015625","0.2015625","0.2015625","0.31092436974789917","0.31092436974789917","0.31092436974789917"
"129","0.306637168141593","0.306637168141593","0.306637168141593","0.16205533596837945","0.16205533596837945","0.16205533596837945","0.31223628691983124","0.31223628691983124","0.31223628691983124"
"130","0.32995780590717305","0.32995780590717305","0.32995780590717305","0.2823529411764706","0.2823529411764706","0.2823529411764706","0.375","0.375","0.375"
"131","0.5046218487394958","0.5046218487394958","0.5046218487394958","0.34880952380952385","0.34880952380952385","0.34880952380952385","0.5352697095435685","0.5352697095435685","0.5352697095435685"
"132","0.4038793103448276","0.4038793103448276","0.4038793103448276","0.19683794466403165","0.19683794466403165","0.19683794466403165","0.4472573839662447","0.4472573839662447","0.4472573839662447"
"133","0.33127572016460904","0.33127572016460904","0.33127572016460904","0.27460937500000004","0.27460937500000004","0.27460937500000004","0.461864406779661","0.461864406779661","0.461864406779661"
"134","0.23728813559322037","0.23728813559322037","0.23728813559322037","0.13058823529411767","0.13058823529411767","0.13058823529411767","0.32882882882882886","0.32882882882882886","0.32882882882882886"
"135","0.3623376623376624","0.3623376623376624","0.3623376623376624","0.20118577075098817","0.20118577075098817","0.20118577075098817","0.3201754385964912","0.3201754385964912","0.3201754385964912"
"136","0.4570833333333333","0.4570833333333333","0.4570833333333333","0.3425196850393701","0.3425196850393701","0.3425196850393701","0.5795918367346938","0.5795918367346938","0.5795918367346938"
"137","0.19957805907172996","0.19957805907172996","0.19957805907172996","0.08274509803921569","0.08274509803921569","0.08274509803921569","0.2804878048780488","0.2804878048780488","0.2804878048780488"
"138","0.3020746887966805","0.3020746887966805","0.3020746887966805","0.1798418972332016","0.1798418972332016","0.1798418972332016","0.4533333333333333","0.4533333333333333","0.4533333333333333"
"139","0.25517241379310346","0.25517241379310346","0.25517241379310346","0.12283464566929135","0.12283464566929135","0.12283464566929135","0.3218884120171674","0.3218884120171674","0.3218884120171674"
"140","0.26387665198237886","0.26387665198237886","0.26387665198237886","0.24980392156862746","0.24980392156862746","0.24980392156862746","0.33640552995391704","0.33640552995391704","0.33640552995391704"
"141","0.28057851239669424","0.28057851239669424","0.28057851239669424","0.2339920948616601","0.2339920948616601","0.2339920948616601","0.379746835443038","0.379746835443038","0.379746835443038"
"142","0.07844827586206896","0.07844827586206896","0.07844827586206896","0.013147410358565738","0.013147410358565738","0.013147410358565738","0.16176470588235295","0.16176470588235295","0.16176470588235295"
"143","0.1722943722943723","0.1722943722943723","0.1722943722943723","0.14861660079051384","0.14861660079051384","0.14861660079051384","0.29385964912280704","0.29385964912280704","0.29385964912280704"
"144","0.3666666666666667","0.3666666666666667","0.3666666666666667","0.323828125","0.323828125","0.323828125","0.4560669456066946","0.4560669456066946","0.4560669456066946"
"145","0.27931034482758627","0.27931034482758627","0.27931034482758627","0.18125000000000002","0.18125000000000002","0.18125000000000002","0.33649289099526064","0.33649289099526064","0.33649289099526064"
"146","0.23155737704918034","0.23155737704918034","0.23155737704918034","0.19764705882352943","0.19764705882352943","0.19764705882352943","0.36771300448430494","0.36771300448430494","0.36771300448430494"
"147","0.2682926829268293","0.2682926829268293","0.2682926829268293","0.231640625","0.231640625","0.231640625","0.4069264069264069","0.4069264069264069","0.4069264069264069"
"148","0.19547325102880658","0.19547325102880658","0.19547325102880658","0.18828125","0.18828125","0.18828125","0.3034188034188034","0.3034188034188034","0.3034188034188034"
"149","0.22635983263598328","0.22635983263598328","0.22635983263598328","0.13187250996015937","0.13187250996015937","0.13187250996015937","0.375609756097561","0.375609756097561","0.375609756097561"
"150","0.27469879518072293","0.27469879518072293","0.27469879518072293","0.1858267716535433","0.1858267716535433","0.1858267716535433","0.41025641025641024","0.41025641025641024","0.41025641025641024"
"151","0.30974576271186444","0.30974576271186444","0.30974576271186444","0.28313725490196084","0.28313725490196084","0.28313725490196084","0.3443396226415094","0.3443396226415094","0.3443396226415094"
"152","0.2733067729083665","0.2733067729083665","0.2733067729083665","0.16875","0.16875","0.16875","0.4248927038626609","0.4248927038626609","0.4248927038626609"
"153","0.26882591093117414","0.26882591093117414","0.26882591093117414","0.245703125","0.245703125","0.245703125","0.4377880184331797","0.4377880184331797","0.4377880184331797"
"154","0.28968253968253976","0.28968253968253976","0.28968253968253976","0.3027777777777778","0.3027777777777778","0.3027777777777778","0.38493723849372385","0.38493723849372385","0.38493723849372385"
"155","0.258","0.258","0.258","0.11328125000000001","0.11328125000000001","0.11328125000000001","0.2882882882882883","0.2882882882882883","0.2882882882882883"
"156","0.3245967741935484","0.3245967741935484","0.3245967741935484","0.18110236220472442","0.18110236220472442","0.18110236220472442","0.45132743362831856","0.45132743362831856","0.45132743362831856"
"157","0.21195219123505976","0.21195219123505976","0.21195219123505976","0.13043478260869565","0.13043478260869565","0.13043478260869565","0.2557077625570776","0.2557077625570776","0.2557077625570776"
"158","0.2144","0.2144","0.2144","0.07211155378486056","0.07211155378486056","0.07211155378486056","0.2413793103448276","0.2413793103448276","0.2413793103448276"
"159","0.16300813008130083","0.16300813008130083","0.16300813008130083","0.072265625","0.072265625","0.072265625","0.3212669683257919","0.3212669683257919","0.3212669683257919"
"160","0.152","0.152","0.152","0.09094488188976378","0.09094488188976378","0.09094488188976378","0.2850678733031674","0.2850678733031674","0.2850678733031674"
"161","0.3196078431372549","0.3196078431372549","0.3196078431372549","0.15490196078431373","0.15490196078431373","0.15490196078431373","0.43548387096774194","0.43548387096774194","0.43548387096774194"
"162","0.1645669291338583","0.1645669291338583","0.1645669291338583","0.11023622047244096","0.11023622047244096","0.11023622047244096","0.2636363636363636","0.2636363636363636","0.2636363636363636"
"163","0.21811023622047246","0.21811023622047246","0.21811023622047246","0.14784313725490197","0.14784313725490197","0.14784313725490197","0.3907563025210084","0.3907563025210084","0.3907563025210084"
"164","0.33960784313725495","0.33960784313725495","0.33960784313725495","0.15450980392156866","0.15450980392156866","0.15450980392156866","0.38362068965517243","0.38362068965517243","0.38362068965517243"
"165","0.4047244094488189","0.4047244094488189","0.4047244094488189","0.20313725490196077","0.20313725490196077","0.20313725490196077","0.42323651452282157","0.42323651452282157","0.42323651452282157"
"166","0.33492063492063495","0.33492063492063495","0.33492063492063495","0.13803921568627453","0.13803921568627453","0.13803921568627453","0.3445378151260504","0.3445378151260504","0.3445378151260504"
"167","0.25983935742971886","0.25983935742971886","0.25983935742971886","0.03843137254901961","0.03843137254901961","0.03843137254901961","0.3855932203389831","0.3855932203389831","0.3855932203389831"
"168","0.1504","0.1504","0.1504","0.06328125000000001","0.06328125000000001","0.06328125000000001","0.22413793103448276","0.22413793103448276","0.22413793103448276"
"169","0.283984375","0.283984375","0.283984375","0.18156862745098037","0.18156862745098037","0.18156862745098037","0.27459016393442626","0.27459016393442626","0.27459016393442626"
"170","0.45450980392156864","0.45450980392156864","0.45450980392156864","0.20468750000000002","0.20468750000000002","0.20468750000000002","0.38934426229508196","0.38934426229508196","0.38934426229508196"
"171","0.2617529880478088","0.2617529880478088","0.2617529880478088","0.151171875","0.151171875","0.151171875","0.3306122448979592","0.3306122448979592","0.3306122448979592"
"172","0.28326693227091637","0.28326693227091637","0.28326693227091637","0.189453125","0.189453125","0.189453125","0.3177966101694915","0.3177966101694915","0.3177966101694915"
"173","0.3772549019607843","0.3772549019607843","0.3772549019607843","0.15568627450980393","0.15568627450980393","0.15568627450980393","0.37083333333333335","0.37083333333333335","0.37083333333333335"
"174","0.24823529411764708","0.24823529411764708","0.24823529411764708","0.07187500000000001","0.07187500000000001","0.07187500000000001","0.29508196721311475","0.29508196721311475","0.29508196721311475"
"175","0.30276679841897236","0.30276679841897236","0.30276679841897236","0.16039215686274513","0.16039215686274513","0.16039215686274513","0.256198347107438","0.256198347107438","0.256198347107438"
"176","0.3992156862745098","0.3992156862745098","0.3992156862745098","0.18267716535433073","0.18267716535433073","0.18267716535433073","0.38866396761133604","0.38866396761133604","0.38866396761133604"
"177","0.2578125","0.2578125","0.2578125","0.10039062500000001","0.10039062500000001","0.10039062500000001","0.28174603174603174","0.28174603174603174","0.28174603174603174"
"178","0.2383399209486166","0.2383399209486166","0.2383399209486166","0.03385826771653544","0.03385826771653544","0.03385826771653544","0.20481927710843373","0.20481927710843373","0.20481927710843373"
"179","0.14156862745098037","0.14156862745098037","0.14156862745098037","0.07539062500000002","0.07539062500000002","0.07539062500000002","0.19753086419753085","0.19753086419753085","0.19753086419753085"
"180","0.247244094488189","0.247244094488189","0.247244094488189","0.033725490196078435","0.033725490196078435","0.033725490196078435","0.29218106995884774","0.29218106995884774","0.29218106995884774"
"181","0.21333333333333335","0.21333333333333335","0.21333333333333335","0.045312500000000006","0.045312500000000006","0.045312500000000006","0.22362869198312235","0.22362869198312235","0.22362869198312235"
"182","0.18149606299212598","0.18149606299212598","0.18149606299212598","0.09254901960784315","0.09254901960784315","0.09254901960784315","0.2066115702479339","0.2066115702479339","0.2066115702479339"
"183","0.3271653543307087","0.3271653543307087","0.3271653543307087","0.11968503937007875","0.11968503937007875","0.11968503937007875","0.3293172690763052","0.3293172690763052","0.3293172690763052"
"184","0.4227450980392157","0.4227450980392157","0.4227450980392157","0.109765625","0.109765625","0.109765625","0.404","0.404","0.404"
"185","0.2180392156862745","0.2180392156862745","0.2180392156862745","0.05078125","0.05078125","0.05078125","0.2619047619047619","0.2619047619047619","0.2619047619047619"
"186","0.334375","0.334375","0.334375","0.13046875000000002","0.13046875000000002","0.13046875000000002","0.29918032786885246","0.29918032786885246","0.29918032786885246"
"187","0.2482352941176471","0.2482352941176471","0.2482352941176471","0.07695312500000001","0.07695312500000001","0.07695312500000001","0.23107569721115537","0.23107569721115537","0.23107569721115537"
"188","0.34133858267716544","0.34133858267716544","0.34133858267716544","0.200390625","0.200390625","0.200390625","0.3944223107569721","0.3944223107569721","0.3944223107569721"
"189","0.264453125","0.264453125","0.264453125","0.00392156862745098","0.00392156862745098","0.00392156862745098","0.22357723577235772","0.22357723577235772","0.22357723577235772"
"190","0.10980392156862745","0.10980392156862745","0.10980392156862745","0.016796875000000003","0.016796875000000003","0.016796875000000003","0.09163346613545817","0.09163346613545817","0.09163346613545817"
"191","0.32322834645669296","0.32322834645669296","0.32322834645669296","0.10905511811023623","0.10905511811023623","0.10905511811023623","0.288","0.288","0.288"
"192","0.10549019607843138","0.10549019607843138","0.10549019607843138","0","0","0","0.184","0.184","0.184"
"193","0.14823529411764708","0.14823529411764708","0.14823529411764708","0.004313725490196079","0.004313725490196079","0.004313725490196079","0.14901960784313725","0.14901960784313725","0.14901960784313725"
"194","0.19609375","0.19609375","0.19609375","0.00392156862745098","0.00392156862745098","0.00392156862745098","0.20703125","0.20703125","0.20703125"
"195","0.425390625","0.425390625","0.425390625","0.028515625000000003","0.028515625000000003","0.028515625000000003","0.421875","0.421875","0.421875"
"196","0.07667984189723322","0.07667984189723322","0.07667984189723322","0","0","0","0.05555555555555555","0.05555555555555555","0.05555555555555555"
"197","0.292578125","0.292578125","0.292578125","0.00859375","0.00859375","0.00859375","0.33992094861660077","0.33992094861660077","0.33992094861660077"
"198","0.2613545816733068","0.2613545816733068","0.2613545816733068","0.024015748031496063","0.024015748031496063","0.024015748031496063","0.2637795275590551","0.2637795275590551","0.2637795275590551"
"199","0.298828125","0.298828125","0.298828125","0","0","0","0.2265625","0.2265625","0.2265625"
"200","0.19960629921259843","0.19960629921259843","0.19960629921259843","0","0","0","0.19367588932806323","0.19367588932806323","0.19367588932806323"
"201","0.23203125","0.23203125","0.23203125","0","0","0","0.23228346456692914","0.23228346456692914","0.23228346456692914"
"202","0.16367187500000002","0.16367187500000002","0.16367187500000002","0","0","0","0.1377952755905512","0.1377952755905512","0.1377952755905512"
"203","0.34685039370078746","0.34685039370078746","0.34685039370078746","0.00392156862745098","0.00392156862745098","0.00392156862745098","0.234375","0.234375","0.234375"
"204","0.30000000000000004","0.30000000000000004","0.30000000000000004","0.01692913385826772","0.01692913385826772","0.01692913385826772","0.25984251968503935","0.25984251968503935","0.25984251968503935"
"205","0.13515625000000003","0.13515625000000003","0.13515625000000003","0.0125","0.0125","0.0125","0.0984251968503937","0.0984251968503937","0.0984251968503937"
"206","0.3121568627450981","0.3121568627450981","0.3121568627450981","0.02047244094488189","0.02047244094488189","0.02047244094488189","0.2901960784313726","0.2901960784313726","0.2901960784313726"
"207","0.2870588235294118","0.2870588235294118","0.2870588235294118","0.03019607843137255","0.03019607843137255","0.03019607843137255","0.22440944881889763","0.22440944881889763","0.22440944881889763"
"208","0.284765625","0.284765625","0.284765625","0","0","0","0.19444444444444445","0.19444444444444445","0.19444444444444445"
"209","0.135546875","0.135546875","0.135546875","0","0","0","0.10546875","0.10546875","0.10546875"
"210","0.2641732283464567","0.2641732283464567","0.2641732283464567","0","0","0","0.07905138339920949","0.07905138339920949","0.07905138339920949"
"211","0.223046875","0.223046875","0.223046875","0","0","0","0.1015625","0.1015625","0.1015625"
"212","0.3203921568627452","0.3203921568627452","0.3203921568627452","0.004313725490196079","0.004313725490196079","0.004313725490196079","0.16470588235294117","0.16470588235294117","0.16470588235294117"
"213","0.2046875","0.2046875","0.2046875","0","0","0","0.10196078431372549","0.10196078431372549","0.10196078431372549"
"214","0.36406250000000007","0.36406250000000007","0.36406250000000007","0","0","0","0.08695652173913043","0.08695652173913043","0.08695652173913043"
"215","0.18385826771653543","0.18385826771653543","0.18385826771653543","0","0","0","0.07905138339920949","0.07905138339920949","0.07905138339920949"
"216","0.13149606299212602","0.13149606299212602","0.13149606299212602","0.004296875","0.004296875","0.004296875","0.0196078431372549","0.0196078431372549","0.0196078431372549"
"217","0.101953125","0.101953125","0.101953125","0","0","0","0.08267716535433071","0.08267716535433071","0.08267716535433071"
"218","0.15490196078431373","0.15490196078431373","0.15490196078431373","0","0","0","0.055776892430278883","0.055776892430278883","0.055776892430278883"
"219","0.17578125","0.17578125","0.17578125","0","0","0","0.050980392156862744","0.050980392156862744","0.050980392156862744"
"220","0.13529411764705881","0.13529411764705881","0.13529411764705881","0","0","0","0.0390625","0.0390625","0.0390625"
"221","0.0734375","0.0734375","0.0734375","0.004330708661417323","0.004330708661417323","0.004330708661417323","0.050980392156862744","0.050980392156862744","0.050980392156862744"
"222","0.21640625000000002","0.21640625000000002","0.21640625000000002","0","0","0","0.05511811023622047","0.05511811023622047","0.05511811023622047"
"223","0.15742187500000002","0.15742187500000002","0.15742187500000002","0","0","0","0.01568627450980392","0.01568627450980392","0.01568627450980392"
"224","0.260546875","0.260546875","0.260546875","0","0","0","0.01953125","0.01953125","0.01953125"
"225","0.20666666666666667","0.20666666666666667","0.20666666666666667","0","0","0","0.08203125","0.08203125","0.08203125"
"226","0.13294117647058826","0.13294117647058826","0.13294117647058826","0","0","0","0.015748031496062992","0.015748031496062992","0.015748031496062992"
"227","0.26875000000000004","0.26875000000000004","0.26875000000000004","0","0","0","0.046875","0.046875","0.046875"
"228","0.337890625","0.337890625","0.337890625","0.004296875","0.004296875","0.004296875","0.031496062992125984","0.031496062992125984","0.031496062992125984"
"229","0.2390625","0.2390625","0.2390625","0","0","0","0.00392156862745098","0.00392156862745098","0.00392156862745098"
"230","0.27890625","0.27890625","0.27890625","0","0","0","0.00392156862745098","0.00392156862745098","0.00392156862745098"
"231","0.15546875","0.15546875","0.15546875","0","0","0","0.011764705882352941","0.011764705882352941","0.011764705882352941"
"232","0.051171875000000006","0.051171875000000006","0.051171875000000006","0","0","0","0","0","0"
"233","0.26484375","0.26484375","0.26484375","0","0","0","0.0703125","0.0703125","0.0703125"
"234","0.2580392156862746","0.2580392156862746","0.2580392156862746","0.00390625","0.00390625","0.00390625","0.0546875","0.0546875","0.0546875"
"235","0.07109375","0.07109375","0.07109375","0","0","0","0.0078125","0.0078125","0.0078125"
"236","0.29882812500000006","0.29882812500000006","0.29882812500000006","0","0","0","0.05859375","0.05859375","0.05859375"
"237","0.222265625","0.222265625","0.222265625","0","0","0","0.003937007874015748","0.003937007874015748","0.003937007874015748"
"238","0.1359375","0.1359375","0.1359375","0","0","0","0","0","0"
"239","0.312109375","0.312109375","0.312109375","0","0","0","0.023622047244094488","0.023622047244094488","0.023622047244094488"
"240","0.2027450980392157","0.2027450980392157","0.2027450980392157","0","0","0","0.015625","0.015625","0.015625"
"241","0.24179687500000002","0.24179687500000002","0.24179687500000002","0","0","0","0.00390625","0.00390625","0.00390625"
"242","0.16757812500000002","0.16757812500000002","0.16757812500000002","0","0","0","0","0","0"
"243","0.16171875","0.16171875","0.16171875","0","0","0","0.03137254901960784","0.03137254901960784","0.03137254901960784"
"244","0.21411764705882352","0.21411764705882352","0.21411764705882352","0","0","0","0.00390625","0.00390625","0.00390625"
"245","0.134375","0.134375","0.134375","0","0","0","0","0","0"
"246","0.271875","0.271875","0.271875","0","0","0","0.11372549019607843","0.11372549019607843","0.11372549019607843"
"247","0.11406250000000001","0.11406250000000001","0.11406250000000001","0","0","0","0","0","0"
"248","0.083203125","0.083203125","0.083203125","0","0","0","0.01171875","0.01171875","0.01171875"
"249","0.23843137254901967","0.23843137254901967","0.23843137254901967","0","0","0","0.00390625","0.00390625","0.00390625"
"250","0.24648437499999998","0.24648437499999998","0.24648437499999998","0","0","0","","",""
"251","0.12666666666666665","0.12666666666666665","0.12666666666666665","0","0","0","0.00390625","0.00390625","0.00390625"
"252","0.12031250000000002","0.12031250000000002","0.12031250000000002","0","0","0","0.00784313725490196","0.00784313725490196","0.00784313725490196"
"253","0.193359375","0.193359375","0.193359375","0","0","0","0","0","0"
"254","0.13984375","0.13984375","0.13984375","0","0","0","0.0625","0.0625","0.0625"
"255","0.10507812500000001","0.10507812500000001","0.10507812500000001","0","0","0","0","0","0"
"256","0.221484375","0.221484375","0.221484375","0","0","0","0.01953125","0.01953125","0.01953125"
"257","0.14745098039215687","0.14745098039215687","0.14745098039215687","0","0","0","0.0078125","0.0078125","0.0078125"
"258","0.17734375000000002","0.17734375000000002","0.17734375000000002","0","0","0","0","0","0"
"259","0.15000000000000002","0.15000000000000002","0.15000000000000002","0","0","0","0.00390625","0.00390625","0.00390625"
"260","0.17304687500000002","0.17304687500000002","0.17304687500000002","0","0","0","0.00390625","0.00390625","0.00390625"
"261","0.13203125","0.13203125","0.13203125","0","0","0","0","0","0"
"262","0.11843137254901961","0.11843137254901961","0.11843137254901961","0.025390625","0.025390625","0.025390625","0.00390625","0.00390625","0.00390625"
"263","0.0421875","0.0421875","0.0421875","0","0","0","0","0","0"
"264","0.12187500000000001","0.12187500000000001","0.12187500000000001","0","0","0","0.00392156862745098","0.00392156862745098","0.00392156862745098"
"265","0.11328125","0.11328125","0.11328125","0","0","0","0","0","0"
"266","0.0703125","0.0703125","0.0703125","0","0","0","0","0","0"
"267","0.076171875","0.076171875","0.076171875","0","0","0","0","0","0"
"268","0.168359375","0.168359375","0.168359375","0","0","0","0","0","0"
"269","0.17500000000000002","0.17500000000000002","0.17500000000000002","0","0","0","0","0","0"
"270","0.201953125","0.201953125","0.201953125","0","0","0","0.0078125","0.0078125","0.0078125"
"271","0.13242187500000002","0.13242187500000002","0.13242187500000002","0","0","0","0.0078125","0.0078125","0.0078125"
"272","0.256640625","0.256640625","0.256640625","0","0","0","0.00390625","0.00390625","0.00390625"
"273","0.033203125","0.033203125","0.033203125","0","0","0","0.00392156862745098","0.00392156862745098","0.00392156862745098"
"274","0.11058823529411765","0.11058823529411765","0.11058823529411765","0","0","0","0.011764705882352941","0.011764705882352941","0.011764705882352941"
"275","0.0992156862745098","0.0992156862745098","0.0992156862745098","0","0","0","0.0078125","0.0078125","0.0078125"
"276","0.004296875","0.004296875","0.004296875","0","0","0","0","0","0"
"277","0.06274509803921569","0.06274509803921569","0.06274509803921569","0.004296875","0.004296875","0.004296875","0","0","0"
"278","0.26549019607843133","0.26549019607843133","0.26549019607843133","0.0125","0.0125","0.0125","0","0","0"
"279","0.06313725490196079","0.06313725490196079","0.06313725490196079","0","0","0","0","0","0"
"280","0.067578125","0.067578125","0.067578125","0.00784313725490196","0.00784313725490196","0.00784313725490196","0","0","0"
"281","0.016796875000000003","0.016796875000000003","0.016796875000000003","0","0","0","0","0","0"
"282","0.033984375","0.033984375","0.033984375","0","0","0","0.011764705882352941","0.011764705882352941","0.011764705882352941"
"283","0.063671875","0.063671875","0.063671875","0","0","0","0","0","0"
"284","0.07647058823529412","0.07647058823529412","0.07647058823529412","0.05546875000000001","0.05546875000000001","0.05546875000000001","0","0","0"
"285","0.046875","0.046875","0.046875","0","0","0","0","0","0"
"286","0.051562500000000004","0.051562500000000004","0.051562500000000004","0","0","0","0.00390625","0.00390625","0.00390625"
"287","0.05039062500000001","0.05039062500000001","0.05039062500000001","0","0","0","0.00390625","0.00390625","0.00390625"
"288","0.00859375","0.00859375","0.00859375","0","0","0","0","0","0"
"289","0.269140625","0.269140625","0.269140625","0","0","0","0","0","0"
"290","0.12539062500000003","0.12539062500000003","0.12539062500000003","0","0","0","0","0","0"
"291","0.021653543307086614","0.021653543307086614","0.021653543307086614","0","0","0","0","0","0"
"292","0.13098039215686277","0.13098039215686277","0.13098039215686277","0.012890625000000001","0.012890625000000001","0.012890625000000001","0","0","0"
"293","0.17333333333333334","0.17333333333333334","0.17333333333333334","0.004296875","0.004296875","0.004296875","0","0","0"
"294","0.13828125000000002","0.13828125000000002","0.13828125000000002","0","0","0","0","0","0"
"295","0.12109375","0.12109375","0.12109375","0","0","0","0","0","0"
"296","0.07607843137254902","0.07607843137254902","0.07607843137254902","0","0","0","0","0","0"
"297","0.1046875","0.1046875","0.1046875","0","0","0","0","0","0"
"298","0.09609375","0.09609375","0.09609375","0","0","0","0","0","0"
"299","0.083984375","0.083984375","0.083984375","0","0","0","0","0","0"
"300","0.158984375","0.158984375","0.158984375","0.004296875","0.004296875","0.004296875","0","0","0"
"301","0.05390625","0.05390625","0.05390625","0","0","0","","",""
"302","0.166796875","0.166796875","0.166796875","0","0","0","","",""
"303","0.10820312500000001","0.10820312500000001","0.10820312500000001","0","0","0","","",""
"304","0.141015625","0.141015625","0.141015625","0","0","0","","",""
"305","0.203125","0.203125","0.203125","0","0","0","","",""
"306","0.221484375","0.221484375","0.221484375","0","0","0","","",""
"307","0.15585937500000002","0.15585937500000002","0.15585937500000002","0","0","0","","",""
"308","0.020703125000000003","0.020703125000000003","0.020703125000000003","0","0","0","","",""
"309","0.205859375","0.205859375","0.205859375","0.021484375","0.021484375","0.021484375","","",""
"310","0.08352941176470587","0.08352941176470587","0.08352941176470587","0","0","0","","",""
"311","0.049609375000000004","0.049609375000000004","0.049609375000000004","0","0","0","","",""
"312","0.06796875","0.06796875","0.06796875","0","0","0","","",""
"313","0.16484375","0.16484375","0.16484375","0.064453125","0.064453125","0.064453125","","",""
"314","0.078515625","0.078515625","0.078515625","0","0","0","","",""
"315","0.117578125","0.117578125","0.117578125","0","0","0","","",""
"316","0.083203125","0.083203125","0.083203125","0","0","0","","",""
"317","0.050390625","0.050390625","0.050390625","0","0","0","","",""
"318","0.045312500000000006","0.045312500000000006","0.045312500000000006","0","0","0","","",""
"319","0.06718750000000001","0.06718750000000001","0.06718750000000001","0","0","0","","",""
"320","0.012890625000000001","0.012890625000000001","0.012890625000000001","0","0","0","","",""
"321","0.020703125000000003","0.020703125000000003","0.020703125000000003","0","0","0","","",""
"322","0.030078125000000004","0.030078125000000004","0.030078125000000004","0.012549019607843138","0.012549019607843138","0.012549019607843138","","",""
"323","0.0125","0.0125","0.0125","0.00390625","0.00390625","0.00390625","","",""
"324","0.012109375","0.012109375","0.012109375","0","0","0","","",""
"325","0.016796875000000003","0.016796875000000003","0.016796875000000003","0.033984375000000004","0.033984375000000004","0.033984375000000004","","",""
"326","0.012109375","0.012109375","0.012109375","0.033593750000000006","0.033593750000000006","0.033593750000000006","","",""
"327","0.07148437500000002","0.07148437500000002","0.07148437500000002","0.037500000000000006","0.037500000000000006","0.037500000000000006","","",""
"328","0.0546875","0.0546875","0.0546875","0.07578125","0.07578125","0.07578125","","",""
"329","0.004296875","0.004296875","0.004296875","0.0125","0.0125","0.0125","","",""
"330","","","","0","0","0","","",""
"331","","","","0.06718750000000001","0.06718750000000001","0.06718750000000001","","",""
"332","","","","0.012890625000000001","0.012890625000000001","0.012890625000000001","","",""
"333","","","","0.029687500000000002","0.029687500000000002","0.029687500000000002","","",""
"334","","","","0.027734375","0.027734375","0.027734375","","",""
"335","","","","0.066796875","0.066796875","0.066796875","","",""
"336","","","","0","0","0","","",""
"337","","","","0","0","0","","",""
"338","","","","0","0","0","","",""
"339","","","","0","0","0","","",""
"340","","","","0","0","0","","",""
"341","","","","0","0","0","","",""
"342","","","","0","0","0","","",""
"343","","","","0","0","0","","",""
"344","","","","0","0","0","","",""
"345","","","","0","0","0","","",""
"346","","","","0","0","0","","",""
"347","","","","0.06718750000000001","0.06718750000000001","0.06718750000000001","","",""
"348","","","","0","0","0","","",""
"349","","","","0","0","0","","",""
"350","","","","0","0","0","","",""
"351","","","","0","0","0","","",""
"352","","","","0","0","0","","",""
"353","","","","0","0","0","","",""
"354","","","","0","0","0","","",""
"355","","","","0","0","0","","",""
"356","","","","0","0","0","","",""