"Step","pc_swe_v4_1-4b_n9k_t2k-32k-bs16-mbs16-n16-no_rej-no_mask - hack/train/reward_wo_hack","pc_swe_v4_1-4b_n9k_t2k-32k-bs16-mbs16-n16-no_rej-no_mask - hack/train/reward_wo_hack__MIN","pc_swe_v4_1-4b_n9k_t2k-32k-bs16-mbs16-n16-no_rej-no_mask - hack/train/reward_wo_hack__MAX","pc_swe_v4_1-4b_n10.5k_t0.5k-32k-bs16-mbs16-n16-wo_monitor - hack/train/reward_wo_hack","pc_swe_v4_1-4b_n10.5k_t0.5k-32k-bs16-mbs16-n16-wo_monitor - hack/train/reward_wo_hack__MIN","pc_swe_v4_1-4b_n10.5k_t0.5k-32k-bs16-mbs16-n16-wo_monitor - hack/train/reward_wo_hack__MAX","pc_swe_v4_1-4b_b_n10k_t1k-32k-bs16-mbs16-n16-no_rej-no_mask - hack/train/reward_wo_hack","pc_swe_v4_1-4b_b_n10k_t1k-32k-bs16-mbs16-n16-no_rej-no_mask - hack/train/reward_wo_hack__MIN","pc_swe_v4_1-4b_b_n10k_t1k-32k-bs16-mbs16-n16-no_rej-no_mask - hack/train/reward_wo_hack__MAX"
"1","0.3329268292682927","0.3329268292682927","0.3329268292682927","0.33755274261603374","0.33755274261603374","0.33755274261603374","0.31048387096774194","0.31048387096774194","0.31048387096774194"
"2","0.4117408906882592","0.4117408906882592","0.4117408906882592","0.3677685950413223","0.3677685950413223","0.3677685950413223","0.3770491803278688","0.3770491803278688","0.3770491803278688"
"3","0.29397590361445786","0.29397590361445786","0.29397590361445786","0.24793388429752067","0.24793388429752067","0.24793388429752067","0.27530364372469635","0.27530364372469635","0.27530364372469635"
"4","0.3633466135458168","0.3633466135458168","0.3633466135458168","0.35294117647058826","0.35294117647058826","0.35294117647058826","0.3176470588235294","0.3176470588235294","0.3176470588235294"
"5","0.1988","0.1988","0.1988","0.25806451612903225","0.25806451612903225","0.25806451612903225","0.2056451612903226","0.2056451612903226","0.2056451612903226"
"6","0.22901960784313727","0.22901960784313727","0.22901960784313727","0.23651452282157676","0.23651452282157676","0.23651452282157676","0.26693227091633465","0.26693227091633465","0.26693227091633465"
"7","0.19722222222222224","0.19722222222222224","0.19722222222222224","0.2073170731707317","0.2073170731707317","0.2073170731707317","0.16141732283464566","0.16141732283464566","0.16141732283464566"
"8","0.1681451612903226","0.1681451612903226","0.1681451612903226","0.21367521367521367","0.21367521367521367","0.21367521367521367","0.17131474103585656","0.17131474103585656","0.17131474103585656"
"9","0.38785425101214577","0.38785425101214577","0.38785425101214577","0.4066390041493776","0.4066390041493776","0.4066390041493776","0.3333333333333333","0.3333333333333333","0.3333333333333333"
"10","0.1765873015873016","0.1765873015873016","0.1765873015873016","0.168","0.168","0.168","0.14453125","0.14453125","0.14453125"
"11","0.2370967741935484","0.2370967741935484","0.2370967741935484","0.23265306122448978","0.23265306122448978","0.23265306122448978","0.232","0.232","0.232"
"12","0.31844262295081976","0.31844262295081976","0.31844262295081976","0.3054393305439331","0.3054393305439331","0.3054393305439331","0.285140562248996","0.285140562248996","0.285140562248996"
"13","0.21859504132231408","0.21859504132231408","0.21859504132231408","0.2801724137931034","0.2801724137931034","0.2801724137931034","0.23170731707317074","0.23170731707317074","0.23170731707317074"
"14","0.18137651821862347","0.18137651821862347","0.18137651821862347","0.23265306122448978","0.23265306122448978","0.23265306122448978","0.1865079365079365","0.1865079365079365","0.1865079365079365"
"15","0.416205533596838","0.416205533596838","0.416205533596838","0.4291497975708502","0.4291497975708502","0.4291497975708502","0.38976377952755903","0.38976377952755903","0.38976377952755903"
"16","0.3570281124497992","0.3570281124497992","0.3570281124497992","0.3907563025210084","0.3907563025210084","0.3907563025210084","0.3895582329317269","0.3895582329317269","0.3895582329317269"
"17","0.20725806451612905","0.20725806451612905","0.20725806451612905","0.23577235772357724","0.23577235772357724","0.23577235772357724","0.208","0.208","0.208"
"18","0.19051724137931036","0.19051724137931036","0.19051724137931036","0.20642201834862386","0.20642201834862386","0.20642201834862386","0.15546218487394958","0.15546218487394958","0.15546218487394958"
"19","0.3127118644067797","0.3127118644067797","0.3127118644067797","0.3053097345132743","0.3053097345132743","0.3053097345132743","0.3112033195020747","0.3112033195020747","0.3112033195020747"
"20","0.24713114754098364","0.24713114754098364","0.24713114754098364","0.3140495867768595","0.3140495867768595","0.3140495867768595","0.27125506072874495","0.27125506072874495","0.27125506072874495"
"21","0.15125000000000002","0.15125000000000002","0.15125000000000002","0.17872340425531916","0.17872340425531916","0.17872340425531916","0.16393442622950818","0.16393442622950818","0.16393442622950818"
"22","0.23620689655172417","0.23620689655172417","0.23620689655172417","0.29357798165137616","0.29357798165137616","0.29357798165137616","0.2572614107883817","0.2572614107883817","0.2572614107883817"
"23","0.25673469387755105","0.25673469387755105","0.25673469387755105","0.37280701754385964","0.37280701754385964","0.37280701754385964","0.3333333333333333","0.3333333333333333","0.3333333333333333"
"24","0.09233870967741936","0.09233870967741936","0.09233870967741936","0.1574468085106383","0.1574468085106383","0.1574468085106383","0.11522633744855967","0.11522633744855967","0.11522633744855967"
"25","0.09105691056910571","0.09105691056910571","0.09105691056910571","0.13524590163934427","0.13524590163934427","0.13524590163934427","0.09881422924901186","0.09881422924901186","0.09881422924901186"
"26","0.39227642276422764","0.39227642276422764","0.39227642276422764","0.4808510638297872","0.4808510638297872","0.4808510638297872","0.3765182186234818","0.3765182186234818","0.3765182186234818"
"27","0.15770750988142296","0.15770750988142296","0.15770750988142296","0.3024193548387097","0.3024193548387097","0.3024193548387097","0.2204724409448819","0.2204724409448819","0.2204724409448819"
"28","0.26294820717131473","0.26294820717131473","0.26294820717131473","0.45121951219512196","0.45121951219512196","0.45121951219512196","0.37401574803149606","0.37401574803149606","0.37401574803149606"
"29","0.1688976377952756","0.1688976377952756","0.1688976377952756","0.2073170731707317","0.2073170731707317","0.2073170731707317","0.1865079365079365","0.1865079365079365","0.1865079365079365"
"30","0.10524193548387098","0.10524193548387098","0.10524193548387098","0.16170212765957448","0.16170212765957448","0.16170212765957448","0.17142857142857143","0.17142857142857143","0.17142857142857143"
"31","0.15163934426229508","0.15163934426229508","0.15163934426229508","0.24186046511627907","0.24186046511627907","0.24186046511627907","0.18181818181818182","0.18181818181818182","0.18181818181818182"
"32","0.06960000000000001","0.06960000000000001","0.06960000000000001","0.16738197424892703","0.16738197424892703","0.16738197424892703","0.096","0.096","0.096"
"33","0.34330708661417325","0.34330708661417325","0.34330708661417325","0.5261044176706827","0.5261044176706827","0.5261044176706827","0.484375","0.484375","0.484375"
"34","0.16205533596837945","0.16205533596837945","0.16205533596837945","0.23788546255506607","0.23788546255506607","0.23788546255506607","0.1935483870967742","0.1935483870967742","0.1935483870967742"
"35","0.37764227642276427","0.37764227642276427","0.37764227642276427","0.40948275862068967","0.40948275862068967","0.40948275862068967","0.3795918367346939","0.3795918367346939","0.3795918367346939"
"36","0.07250996015936256","0.07250996015936256","0.07250996015936256","0.1308411214953271","0.1308411214953271","0.1308411214953271","0.1016260162601626","0.1016260162601626","0.1016260162601626"
"37","0.3760956175298805","0.3760956175298805","0.3760956175298805","0.4567901234567901","0.4567901234567901","0.4567901234567901","0.42857142857142855","0.42857142857142855","0.42857142857142855"
"38","0.13784860557768927","0.13784860557768927","0.13784860557768927","0.2288135593220339","0.2288135593220339","0.2288135593220339","0.21487603305785125","0.21487603305785125","0.21487603305785125"
"39","0.14176706827309238","0.14176706827309238","0.14176706827309238","0.2396694214876033","0.2396694214876033","0.2396694214876033","0.20948616600790515","0.20948616600790515","0.20948616600790515"
"40","0.2","0.2","0.2","0.3706896551724138","0.3706896551724138","0.3706896551724138","0.26907630522088355","0.26907630522088355","0.26907630522088355"
"41","0.07880000000000001","0.07880000000000001","0.07880000000000001","0.1774891774891775","0.1774891774891775","0.1774891774891775","0.16182572614107885","0.16182572614107885","0.16182572614107885"
"42","0.22319999999999998","0.22319999999999998","0.22319999999999998","0.4336283185840708","0.4336283185840708","0.4336283185840708","0.3958333333333333","0.3958333333333333","0.3958333333333333"
"43","0.16968503937007876","0.16968503937007876","0.16968503937007876","0.2663316582914573","0.2663316582914573","0.2663316582914573","0.21888412017167383","0.21888412017167383","0.21888412017167383"
"44","0.3448818897637795","0.3448818897637795","0.3448818897637795","0.4192139737991266","0.4192139737991266","0.4192139737991266","0.3795918367346939","0.3795918367346939","0.3795918367346939"
"45","0.25436507936507935","0.25436507936507935","0.25436507936507935","0.2928870292887029","0.2928870292887029","0.2928870292887029","0.2868525896414343","0.2868525896414343","0.2868525896414343"
"46","0.32117647058823534","0.32117647058823534","0.32117647058823534","0.46443514644351463","0.46443514644351463","0.46443514644351463","0.376","0.376","0.376"
"47","0.23134920634920633","0.23134920634920633","0.23134920634920633","0.3888888888888889","0.3888888888888889","0.3888888888888889","0.3089430894308943","0.3089430894308943","0.3089430894308943"
"48","0.06666666666666667","0.06666666666666667","0.06666666666666667","0.17372881355932204","0.17372881355932204","0.17372881355932204","0.15873015873015872","0.15873015873015872","0.15873015873015872"
"49","0.11031746031746033","0.11031746031746033","0.11031746031746033","0.19196428571428573","0.19196428571428573","0.19196428571428573","0.16317991631799164","0.16317991631799164","0.16317991631799164"
"50","0.2494117647058824","0.2494117647058824","0.2494117647058824","0.41106719367588934","0.41106719367588934","0.41106719367588934","0.4","0.4","0.4"
"51","0.14705882352941177","0.14705882352941177","0.14705882352941177","0.3782608695652174","0.3782608695652174","0.3782608695652174","0.23553719008264462","0.23553719008264462","0.23553719008264462"
"52","0.3094861660079052","0.3094861660079052","0.3094861660079052","0.4329004329004329","0.4329004329004329","0.4329004329004329","0.3877551020408163","0.3877551020408163","0.3877551020408163"
"53","0.09007936507936508","0.09007936507936508","0.09007936507936508","0.2026431718061674","0.2026431718061674","0.2026431718061674","0.16996047430830039","0.16996047430830039","0.16996047430830039"
"54","0.27019607843137255","0.27019607843137255","0.27019607843137255","0.33620689655172414","0.33620689655172414","0.33620689655172414","0.3142857142857143","0.3142857142857143","0.3142857142857143"
"55","0.20823529411764707","0.20823529411764707","0.20823529411764707","0.4148471615720524","0.4148471615720524","0.4148471615720524","0.35365853658536583","0.35365853658536583","0.35365853658536583"
"56","0.30118110236220474","0.30118110236220474","0.30118110236220474","0.49166666666666664","0.49166666666666664","0.49166666666666664","0.38866396761133604","0.38866396761133604","0.38866396761133604"
"57","0.25117187500000004","0.25117187500000004","0.25117187500000004","0.30833333333333335","0.30833333333333335","0.30833333333333335","0.28112449799196787","0.28112449799196787","0.28112449799196787"
"58","0.06377952755905512","0.06377952755905512","0.06377952755905512","0.17543859649122806","0.17543859649122806","0.17543859649122806","0.11382113821138211","0.11382113821138211","0.11382113821138211"
"59","0.12637795275590552","0.12637795275590552","0.12637795275590552","0.2863070539419087","0.2863070539419087","0.2863070539419087","0.23228346456692914","0.23228346456692914","0.23228346456692914"
"60","0.09411764705882353","0.09411764705882353","0.09411764705882353","0.32751091703056767","0.32751091703056767","0.32751091703056767","0.156","0.156","0.156"
"61","0.140625","0.140625","0.140625","0.28444444444444444","0.28444444444444444","0.28444444444444444","0.23387096774193547","0.23387096774193547","0.23387096774193547"
"62","0.1630952380952381","0.1630952380952381","0.1630952380952381","0.3788546255506608","0.3788546255506608","0.3788546255506608","0.3469387755102041","0.3469387755102041","0.3469387755102041"
"63","0.05551181102362205","0.05551181102362205","0.05551181102362205","0.24888888888888888","0.24888888888888888","0.24888888888888888","0.18333333333333332","0.18333333333333332","0.18333333333333332"
"64","0.17539062500000002","0.17539062500000002","0.17539062500000002","0.319672131147541","0.319672131147541","0.319672131147541","0.2890625","0.2890625","0.2890625"
"65","0.23215686274509809","0.23215686274509809","0.23215686274509809","0.3063063063063063","0.3063063063063063","0.3063063063063063","0.20164609053497942","0.20164609053497942","0.20164609053497942"
"66","0.143359375","0.143359375","0.143359375","0.33480176211453744","0.33480176211453744","0.33480176211453744","0.24206349206349206","0.24206349206349206","0.24206349206349206"
"67","0.20666666666666667","0.20666666666666667","0.20666666666666667","0.3883495145631068","0.3883495145631068","0.3883495145631068","0.379746835443038","0.379746835443038","0.379746835443038"
"68","0.15787401574803153","0.15787401574803153","0.15787401574803153","0.2889908256880734","0.2889908256880734","0.2889908256880734","0.31759656652360513","0.31759656652360513","0.31759656652360513"
"69","0.35195312500000003","0.35195312500000003","0.35195312500000003","0.49382716049382713","0.49382716049382713","0.49382716049382713","0.45161290322580644","0.45161290322580644","0.45161290322580644"
"70","0.128125","0.128125","0.128125","0.3246753246753247","0.3246753246753247","0.3246753246753247","","",""
"71","0.3976470588235294","0.3976470588235294","0.3976470588235294","0.4491525423728814","0.4491525423728814","0.4491525423728814","0.4879032258064516","0.4879032258064516","0.4879032258064516"
"72","0.30390625000000004","0.30390625000000004","0.30390625000000004","0.464","0.464","0.464","0.4031620553359684","0.4031620553359684","0.4031620553359684"
"73","0.14296875","0.14296875","0.14296875","0.27876106194690264","0.27876106194690264","0.27876106194690264","0.22950819672131148","0.22950819672131148","0.22950819672131148"
"74","0.15215686274509801","0.15215686274509801","0.15215686274509801","0.2602739726027397","0.2602739726027397","0.2602739726027397","0.2791666666666667","0.2791666666666667","0.2791666666666667"
"75","0.10553359683794468","0.10553359683794468","0.10553359683794468","0.37610619469026546","0.37610619469026546","0.37610619469026546","0.275","0.275","0.275"
"76","0.26796875","0.26796875","0.26796875","0.4147465437788018","0.4147465437788018","0.4147465437788018","0.3898305084745763","0.3898305084745763","0.3898305084745763"
"77","0.05960784313725491","0.05960784313725491","0.05960784313725491","0.20100502512562815","0.20100502512562815","0.20100502512562815","0.14847161572052403","0.14847161572052403","0.14847161572052403"
"78","0.27070312500000004","0.27070312500000004","0.27070312500000004","0.4794520547945205","0.4794520547945205","0.4794520547945205","0.4049586776859504","0.4049586776859504","0.4049586776859504"
"79","0.27890625","0.27890625","0.27890625","0.4266666666666667","0.4266666666666667","0.4266666666666667","0.36885245901639346","0.36885245901639346","0.36885245901639346"
"80","0.15137254901960784","0.15137254901960784","0.15137254901960784","0.27906976744186046","0.27906976744186046","0.27906976744186046","0.24686192468619247","0.24686192468619247","0.24686192468619247"
"81","0.21835937500000002","0.21835937500000002","0.21835937500000002","0.4458874458874459","0.4458874458874459","0.4458874458874459","0.4365079365079365","0.4365079365079365","0.4365079365079365"
"82","0.22392156862745102","0.22392156862745102","0.22392156862745102","0.5","0.5","0.5","0.45","0.45","0.45"
"83","0.087109375","0.087109375","0.087109375","0.2681818181818182","0.2681818181818182","0.2681818181818182","0.23577235772357724","0.23577235772357724","0.23577235772357724"
"84","0.20666666666666667","0.20666666666666667","0.20666666666666667","0.37850467289719625","0.37850467289719625","0.37850467289719625","0.3922413793103448","0.3922413793103448","0.3922413793103448"
"85","0.14862745098039215","0.14862745098039215","0.14862745098039215","0.30092592592592593","0.30092592592592593","0.30092592592592593","0.24472573839662448","0.24472573839662448","0.24472573839662448"
"86","0.05529411764705883","0.05529411764705883","0.05529411764705883","0.3008849557522124","0.3008849557522124","0.3008849557522124","0.2766798418972332","0.2766798418972332","0.2766798418972332"
"87","0.12666666666666665","0.12666666666666665","0.12666666666666665","0.3406113537117904","0.3406113537117904","0.3406113537117904","0.23387096774193547","0.23387096774193547","0.23387096774193547"
"88","0.10390625","0.10390625","0.10390625","0.2681818181818182","0.2681818181818182","0.2681818181818182","0.21810699588477367","0.21810699588477367","0.21810699588477367"
"89","0.1015686274509804","0.1015686274509804","0.1015686274509804","0.2","0.2","0.2","0.1583710407239819","0.1583710407239819","0.1583710407239819"
"90","0.20551181102362207","0.20551181102362207","0.20551181102362207","0.43043478260869567","0.43043478260869567","0.43043478260869567","0.38524590163934425","0.38524590163934425","0.38524590163934425"
"91","0.15468750000000003","0.15468750000000003","0.15468750000000003","0.4","0.4","0.4","0.36796536796536794","0.36796536796536794","0.36796536796536794"
"92","0.07598425196850396","0.07598425196850396","0.07598425196850396","0.30288461538461536","0.30288461538461536","0.30288461538461536","0.2599118942731278","0.2599118942731278","0.2599118942731278"
"93","0.16328125000000002","0.16328125000000002","0.16328125000000002","0.3582089552238806","0.3582089552238806","0.3582089552238806","0.32599118942731276","0.32599118942731276","0.32599118942731276"
"94","0.14","0.14","0.14","0.2882882882882883","0.2882882882882883","0.2882882882882883","0.2620967741935484","0.2620967741935484","0.2620967741935484"
"95","0.13437500000000002","0.13437500000000002","0.13437500000000002","0.5686274509803921","0.5686274509803921","0.5686274509803921","0.4066390041493776","0.4066390041493776","0.4066390041493776"
"96","0.14941176470588238","0.14941176470588238","0.14941176470588238","0.42391304347826086","0.42391304347826086","0.42391304347826086","0.3656387665198238","0.3656387665198238","0.3656387665198238"
"97","0.156078431372549","0.156078431372549","0.156078431372549","0.4325581395348837","0.4325581395348837","0.4325581395348837","0.3487394957983193","0.3487394957983193","0.3487394957983193"
"98","0.10820312500000001","0.10820312500000001","0.10820312500000001","0.43171806167400884","0.43171806167400884","0.43171806167400884","0.3263598326359833","0.3263598326359833","0.3263598326359833"
"99","0.362890625","0.362890625","0.362890625","0.54337899543379","0.54337899543379","0.54337899543379","0.5041322314049587","0.5041322314049587","0.5041322314049587"
"100","0.17539062500000002","0.17539062500000002","0.17539062500000002","0.6077586206896551","0.6077586206896551","0.6077586206896551","0.5103734439834025","0.5103734439834025","0.5103734439834025"
"101","0.09648437500000001","0.09648437500000001","0.09648437500000001","0.5162790697674419","0.5162790697674419","0.5162790697674419","0.5021645021645021","0.5021645021645021","0.5021645021645021"
"102","0.184765625","0.184765625","0.184765625","0.4881516587677725","0.4881516587677725","0.4881516587677725","0.3744493392070485","0.3744493392070485","0.3744493392070485"
"103","0.18398437500000003","0.18398437500000003","0.18398437500000003","0.4084507042253521","0.4084507042253521","0.4084507042253521","0.3876651982378855","0.3876651982378855","0.3876651982378855"
"104","0.10040650406504066","0.10040650406504066","0.10040650406504066","0.4185022026431718","0.4185022026431718","0.4185022026431718","0.35714285714285715","0.35714285714285715","0.35714285714285715"
"105","0.02109375","0.02109375","0.02109375","0.17307692307692307","0.17307692307692307","0.17307692307692307","0.189873417721519","0.189873417721519","0.189873417721519"
"106","0.12421875000000002","0.12421875000000002","0.12421875000000002","0.41304347826086957","0.41304347826086957","0.41304347826086957","0.4051724137931034","0.4051724137931034","0.4051724137931034"
"107","0.1752941176470588","0.1752941176470588","0.1752941176470588","0.3755656108597285","0.3755656108597285","0.3755656108597285","0.4117647058823529","0.4117647058823529","0.4117647058823529"
"108","0.120703125","0.120703125","0.120703125","0.3894230769230769","0.3894230769230769","0.3894230769230769","0.32599118942731276","0.32599118942731276","0.32599118942731276"
"109","0.087109375","0.087109375","0.087109375","0.4170403587443946","0.4170403587443946","0.4170403587443946","0.3905579399141631","0.3905579399141631","0.3905579399141631"
"110","0.11953125","0.11953125","0.11953125","0.4816326530612245","0.4816326530612245","0.4816326530612245","0.43902439024390244","0.43902439024390244","0.43902439024390244"
"111","0.05198412698412698","0.05198412698412698","0.05198412698412698","0.34080717488789236","0.34080717488789236","0.34080717488789236","0.25102880658436216","0.25102880658436216","0.25102880658436216"
"112","0.06352941176470589","0.06352941176470589","0.06352941176470589","0.31555555555555553","0.31555555555555553","0.31555555555555553","0.3261802575107296","0.3261802575107296","0.3261802575107296"
"113","0.09687500000000002","0.09687500000000002","0.09687500000000002","0.4192139737991266","0.4192139737991266","0.4192139737991266","0.44871794871794873","0.44871794871794873","0.44871794871794873"
"114","0.11015625000000001","0.11015625000000001","0.11015625000000001","0.3670886075949367","0.3670886075949367","0.3670886075949367","0.3629032258064516","0.3629032258064516","0.3629032258064516"
"115","0.10705882352941176","0.10705882352941176","0.10705882352941176","0.3273542600896861","0.3273542600896861","0.3273542600896861","0.2680851063829787","0.2680851063829787","0.2680851063829787"
"116","0.12549019607843137","0.12549019607843137","0.12549019607843137","0.4166666666666667","0.4166666666666667","0.4166666666666667","0.368","0.368","0.368"
"117","0.11718750000000001","0.11718750000000001","0.11718750000000001","0.3333333333333333","0.3333333333333333","0.3333333333333333","0.3446808510638298","0.3446808510638298","0.3446808510638298"
"118","0.0807843137254902","0.0807843137254902","0.0807843137254902","0.37089201877934275","0.37089201877934275","0.37089201877934275","0.29910714285714285","0.29910714285714285","0.29910714285714285"
"119","0.058039215686274515","0.058039215686274515","0.058039215686274515","0.416","0.416","0.416","0.36363636363636365","0.36363636363636365","0.36363636363636365"
"120","0.1390625","0.1390625","0.1390625","0.43043478260869567","0.43043478260869567","0.43043478260869567","0.42127659574468085","0.42127659574468085","0.42127659574468085"
"121","0.045703125000000004","0.045703125000000004","0.045703125000000004","0.26905829596412556","0.26905829596412556","0.26905829596412556","0.23008849557522124","0.23008849557522124","0.23008849557522124"
"122","0.133203125","0.133203125","0.133203125","0.3177966101694915","0.3177966101694915","0.3177966101694915","0.2979591836734694","0.2979591836734694","0.2979591836734694"
"123","0.18085937500000002","0.18085937500000002","0.18085937500000002","0.4634146341463415","0.4634146341463415","0.4634146341463415","0.4578313253012048","0.4578313253012048","0.4578313253012048"
"124","0.054296875","0.054296875","0.054296875","0.3691588785046729","0.3691588785046729","0.3691588785046729","0.3274336283185841","0.3274336283185841","0.3274336283185841"
"125","0.07019607843137256","0.07019607843137256","0.07019607843137256","0.3900414937759336","0.3900414937759336","0.3900414937759336","0.37916666666666665","0.37916666666666665","0.37916666666666665"
"126","0.087890625","0.087890625","0.087890625","0.3879310344827586","0.3879310344827586","0.3879310344827586","0.3924050632911392","0.3924050632911392","0.3924050632911392"
"127","0.080078125","0.080078125","0.080078125","0.22857142857142856","0.22857142857142856","0.22857142857142856","0.21890547263681592","0.21890547263681592","0.21890547263681592"
"128","0.14","0.14","0.14","0.3093220338983051","0.3093220338983051","0.3093220338983051","0.31092436974789917","0.31092436974789917","0.31092436974789917"
"129","0.09372549019607843","0.09372549019607843","0.09372549019607843","0.35807860262008734","0.35807860262008734","0.35807860262008734","0.31223628691983124","0.31223628691983124","0.31223628691983124"
"130","0.16015625","0.16015625","0.16015625","0.3788546255506608","0.3788546255506608","0.3788546255506608","0.375","0.375","0.375"
"131","0.20937500000000003","0.20937500000000003","0.20937500000000003","0.5168067226890757","0.5168067226890757","0.5168067226890757","0.5352697095435685","0.5352697095435685","0.5352697095435685"
"132","0.14313725490196078","0.14313725490196078","0.14313725490196078","0.44396551724137934","0.44396551724137934","0.44396551724137934","0.4472573839662447","0.4472573839662447","0.4472573839662447"
"133","0.106640625","0.106640625","0.106640625","0.3924050632911392","0.3924050632911392","0.3924050632911392","0.461864406779661","0.461864406779661","0.461864406779661"
"134","0.04609375","0.04609375","0.04609375","0.3798076923076923","0.3798076923076923","0.3798076923076923","0.32882882882882886","0.32882882882882886","0.32882882882882886"
"135","0.07490196078431373","0.07490196078431373","0.07490196078431373","0.3305084745762712","0.3305084745762712","0.3305084745762712","0.3201754385964912","0.3201754385964912","0.3201754385964912"
"136","0.162109375","0.162109375","0.162109375","0.5299145299145299","0.5299145299145299","0.5299145299145299","0.5795918367346938","0.5795918367346938","0.5795918367346938"
"137","0","0","0","0.2542372881355932","0.2542372881355932","0.2542372881355932","0.2804878048780488","0.2804878048780488","0.2804878048780488"
"138","0.08359375","0.08359375","0.08359375","0.42660550458715596","0.42660550458715596","0.42660550458715596","0.4533333333333333","0.4533333333333333","0.4533333333333333"
"139","0.08867187500000001","0.08867187500000001","0.08867187500000001","0.42792792792792794","0.42792792792792794","0.42792792792792794","0.3218884120171674","0.3218884120171674","0.3218884120171674"
"140","0.098828125","0.098828125","0.098828125","0.36893203883495146","0.36893203883495146","0.36893203883495146","0.33640552995391704","0.33640552995391704","0.33640552995391704"
"141","0.17148437500000002","0.17148437500000002","0.17148437500000002","0.4336283185840708","0.4336283185840708","0.4336283185840708","0.379746835443038","0.379746835443038","0.379746835443038"
"142","0.008203125","0.008203125","0.008203125","0.18274111675126903","0.18274111675126903","0.18274111675126903","0.16176470588235295","0.16176470588235295","0.16176470588235295"
"143","0.1125","0.1125","0.1125","0.3212669683257919","0.3212669683257919","0.3212669683257919","0.29385964912280704","0.29385964912280704","0.29385964912280704"
"144","0.269140625","0.269140625","0.269140625","0.49130434782608695","0.49130434782608695","0.49130434782608695","0.4560669456066946","0.4560669456066946","0.4560669456066946"
"145","0.12755905511811025","0.12755905511811025","0.12755905511811025","0.357487922705314","0.357487922705314","0.357487922705314","0.33649289099526064","0.33649289099526064","0.33649289099526064"
"146","0.15378486055776894","0.15378486055776894","0.15378486055776894","0.37320574162679426","0.37320574162679426","0.37320574162679426","0.36771300448430494","0.36771300448430494","0.36771300448430494"
"147","0.21778656126482218","0.21778656126482218","0.21778656126482218","0.4444444444444444","0.4444444444444444","0.4444444444444444","0.4069264069264069","0.4069264069264069","0.4069264069264069"
"148","0.15195312500000002","0.15195312500000002","0.15195312500000002","0.3584070796460177","0.3584070796460177","0.3584070796460177","0.3034188034188034","0.3034188034188034","0.3034188034188034"
"149","0.11857707509881422","0.11857707509881422","0.11857707509881422","0.37383177570093457","0.37383177570093457","0.37383177570093457","0.375609756097561","0.375609756097561","0.375609756097561"
"150","0.134375","0.134375","0.134375","0.42731277533039647","0.42731277533039647","0.42731277533039647","0.41025641025641024","0.41025641025641024","0.41025641025641024"
"151","0.2580392156862746","0.2580392156862746","0.2580392156862746","0.31862745098039214","0.31862745098039214","0.31862745098039214","0.3443396226415094","0.3443396226415094","0.3443396226415094"
"152","0.19765625000000003","0.19765625000000003","0.19765625000000003","0.45147679324894513","0.45147679324894513","0.45147679324894513","0.4248927038626609","0.4248927038626609","0.4248927038626609"
"153","0.19257812500000002","0.19257812500000002","0.19257812500000002","0.44976076555023925","0.44976076555023925","0.44976076555023925","0.4377880184331797","0.4377880184331797","0.4377880184331797"
"154","0.29804687500000004","0.29804687500000004","0.29804687500000004","0.4380165289256198","0.4380165289256198","0.4380165289256198","0.38493723849372385","0.38493723849372385","0.38493723849372385"
"155","0.146484375","0.146484375","0.146484375","0.3905579399141631","0.3905579399141631","0.3905579399141631","0.2882882882882883","0.2882882882882883","0.2882882882882883"
"156","0.29765625","0.29765625","0.29765625","0.45414847161572053","0.45414847161572053","0.45414847161572053","0.45132743362831856","0.45132743362831856","0.45132743362831856"
"157","0.13007812500000002","0.13007812500000002","0.13007812500000002","0.30697674418604654","0.30697674418604654","0.30697674418604654","0.2557077625570776","0.2557077625570776","0.2557077625570776"
"158","0.187890625","0.187890625","0.187890625","0.26339285714285715","0.26339285714285715","0.26339285714285715","0.2413793103448276","0.2413793103448276","0.2413793103448276"
"159","0.053515625","0.053515625","0.053515625","0.40186915887850466","0.40186915887850466","0.40186915887850466","0.3212669683257919","0.3212669683257919","0.3212669683257919"
"160","0.07607843137254901","0.07607843137254901","0.07607843137254901","0.3113207547169811","0.3113207547169811","0.3113207547169811","0.2850678733031674","0.2850678733031674","0.2850678733031674"
"161","0.13906250000000003","0.13906250000000003","0.13906250000000003","0.5587044534412956","0.5587044534412956","0.5587044534412956","0.43548387096774194","0.43548387096774194","0.43548387096774194"
"162","0.15647058823529414","0.15647058823529414","0.15647058823529414","0.2706422018348624","0.2706422018348624","0.2706422018348624","0.2636363636363636","0.2636363636363636","0.2636363636363636"
"163","0.1953125","0.1953125","0.1953125","0.49099099099099097","0.49099099099099097","0.49099099099099097","0.3907563025210084","0.3907563025210084","0.3907563025210084"
"164","0.2929411764705883","0.2929411764705883","0.2929411764705883","0.4484304932735426","0.4484304932735426","0.4484304932735426","0.38362068965517243","0.38362068965517243","0.38362068965517243"
"165","0.334765625","0.334765625","0.334765625","0.49356223175965663","0.49356223175965663","0.49356223175965663","0.42323651452282157","0.42323651452282157","0.42323651452282157"
"166","0.19098039215686274","0.19098039215686274","0.19098039215686274","0.43317972350230416","0.43317972350230416","0.43317972350230416","0.3445378151260504","0.3445378151260504","0.3445378151260504"
"167","0.196484375","0.196484375","0.196484375","0.5669642857142857","0.5669642857142857","0.5669642857142857","0.3855932203389831","0.3855932203389831","0.3855932203389831"
"168","0.080078125","0.080078125","0.080078125","0.46116504854368934","0.46116504854368934","0.46116504854368934","0.22413793103448276","0.22413793103448276","0.22413793103448276"
"169","0.20546875000000003","0.20546875000000003","0.20546875000000003","0.4055299539170507","0.4055299539170507","0.4055299539170507","0.27459016393442626","0.27459016393442626","0.27459016393442626"
"170","0.31523437499999996","0.31523437499999996","0.31523437499999996","0.5207373271889401","0.5207373271889401","0.5207373271889401","0.38934426229508196","0.38934426229508196","0.38934426229508196"
"171","0.212109375","0.212109375","0.212109375","0.42016806722689076","0.42016806722689076","0.42016806722689076","0.3306122448979592","0.3306122448979592","0.3306122448979592"
"172","0.269921875","0.269921875","0.269921875","0.5135135135135135","0.5135135135135135","0.5135135135135135","0.3177966101694915","0.3177966101694915","0.3177966101694915"
"173","0.30275590551181103","0.30275590551181103","0.30275590551181103","0.6088888888888889","0.6088888888888889","0.6088888888888889","0.37083333333333335","0.37083333333333335","0.37083333333333335"
"174","0.17812500000000003","0.17812500000000003","0.17812500000000003","0.4722222222222222","0.4722222222222222","0.4722222222222222","0.29508196721311475","0.29508196721311475","0.29508196721311475"
"175","0.23984375","0.23984375","0.23984375","0.40789473684210525","0.40789473684210525","0.40789473684210525","0.256198347107438","0.256198347107438","0.256198347107438"
"176","0.36093749999999997","0.36093749999999997","0.36093749999999997","0.5321100917431193","0.5321100917431193","0.5321100917431193","0.38866396761133604","0.38866396761133604","0.38866396761133604"
"177","0.205078125","0.205078125","0.205078125","0.49377593360995853","0.49377593360995853","0.49377593360995853","0.28174603174603174","0.28174603174603174","0.28174603174603174"
"178","0.21835937500000002","0.21835937500000002","0.21835937500000002","0.33755274261603374","0.33755274261603374","0.33755274261603374","0.20481927710843373","0.20481927710843373","0.20481927710843373"
"179","0.142578125","0.142578125","0.142578125","0.3799126637554585","0.3799126637554585","0.3799126637554585","0.19753086419753085","0.19753086419753085","0.19753086419753085"
"180","0.19375000000000003","0.19375000000000003","0.19375000000000003","0.45414847161572053","0.45414847161572053","0.45414847161572053","0.29218106995884774","0.29218106995884774","0.29218106995884774"
"181","0.1359375","0.1359375","0.1359375","0.28921568627450983","0.28921568627450983","0.28921568627450983","0.22362869198312235","0.22362869198312235","0.22362869198312235"
"182","0.07187500000000001","0.07187500000000001","0.07187500000000001","0.38235294117647056","0.38235294117647056","0.38235294117647056","0.2066115702479339","0.2066115702479339","0.2066115702479339"
"183","0.21406250000000002","0.21406250000000002","0.21406250000000002","0.5546218487394958","0.5546218487394958","0.5546218487394958","0.3293172690763052","0.3293172690763052","0.3293172690763052"
"184","0.33671875","0.33671875","0.33671875","0.46747967479674796","0.46747967479674796","0.46747967479674796","0.404","0.404","0.404"
"185","0.12156862745098039","0.12156862745098039","0.12156862745098039","0.38271604938271603","0.38271604938271603","0.38271604938271603","0.2619047619047619","0.2619047619047619","0.2619047619047619"
"186","0.26196078431372555","0.26196078431372555","0.26196078431372555","0.43568464730290457","0.43568464730290457","0.43568464730290457","0.29918032786885246","0.29918032786885246","0.29918032786885246"
"187","0.2109803921568628","0.2109803921568628","0.2109803921568628","0.47161572052401746","0.47161572052401746","0.47161572052401746","0.23107569721115537","0.23107569721115537","0.23107569721115537"
"188","0.30625","0.30625","0.30625","0.4810126582278481","0.4810126582278481","0.4810126582278481","0.3944223107569721","0.3944223107569721","0.3944223107569721"
"189","0.13125","0.13125","0.13125","0.4864864864864865","0.4864864864864865","0.4864864864864865","0.22357723577235772","0.22357723577235772","0.22357723577235772"
"190","0.08906250000000002","0.08906250000000002","0.08906250000000002","0.2743362831858407","0.2743362831858407","0.2743362831858407","0.09163346613545817","0.09163346613545817","0.09163346613545817"
"191","0.2772549019607844","0.2772549019607844","0.2772549019607844","0.4609053497942387","0.4609053497942387","0.4609053497942387","0.288","0.288","0.288"
"192","0.0890625","0.0890625","0.0890625","0.24675324675324675","0.24675324675324675","0.24675324675324675","0.184","0.184","0.184"
"193","0.080078125","0.080078125","0.080078125","0.27235772357723576","0.27235772357723576","0.27235772357723576","0.14901960784313725","0.14901960784313725","0.14901960784313725"
"194","0.1","0.1","0.1","0.4897959183673469","0.4897959183673469","0.4897959183673469","0.20703125","0.20703125","0.20703125"
"195","0.35390625","0.35390625","0.35390625","0.5241935483870968","0.5241935483870968","0.5241935483870968","0.421875","0.421875","0.421875"
"196","0.041406250000000006","0.041406250000000006","0.041406250000000006","0.16666666666666666","0.16666666666666666","0.16666666666666666","0.05555555555555555","0.05555555555555555","0.05555555555555555"
"197","0.28437500000000004","0.28437500000000004","0.28437500000000004","0.4872881355932203","0.4872881355932203","0.4872881355932203","0.33992094861660077","0.33992094861660077","0.33992094861660077"
"198","0.228515625","0.228515625","0.228515625","0.5477178423236515","0.5477178423236515","0.5477178423236515","0.2637795275590551","0.2637795275590551","0.2637795275590551"
"199","0.142578125","0.142578125","0.142578125","0.4872881355932203","0.4872881355932203","0.4872881355932203","0.2265625","0.2265625","0.2265625"
"200","0.14375","0.14375","0.14375","0.37104072398190047","0.37104072398190047","0.37104072398190047","0.19367588932806323","0.19367588932806323","0.19367588932806323"
"201","0.21450980392156863","0.21450980392156863","0.21450980392156863","0.40611353711790393","0.40611353711790393","0.40611353711790393","0.23228346456692914","0.23228346456692914","0.23228346456692914"
"202","0.10937500000000001","0.10937500000000001","0.10937500000000001","0.3514644351464435","0.3514644351464435","0.3514644351464435","0.1377952755905512","0.1377952755905512","0.1377952755905512"
"203","0.305078125","0.305078125","0.305078125","0.5183673469387755","0.5183673469387755","0.5183673469387755","0.234375","0.234375","0.234375"
"204","0.29023437500000004","0.29023437500000004","0.29023437500000004","0.5130434782608696","0.5130434782608696","0.5130434782608696","0.25984251968503935","0.25984251968503935","0.25984251968503935"
"205","0.07265625","0.07265625","0.07265625","0.32340425531914896","0.32340425531914896","0.32340425531914896","0.0984251968503937","0.0984251968503937","0.0984251968503937"
"206","0.28828125","0.28828125","0.28828125","0.48214285714285715","0.48214285714285715","0.48214285714285715","0.2901960784313726","0.2901960784313726","0.2901960784313726"
"207","0.18945312500000003","0.18945312500000003","0.18945312500000003","0.33476394849785407","0.33476394849785407","0.33476394849785407","0.22440944881889763","0.22440944881889763","0.22440944881889763"
"208","0.216796875","0.216796875","0.216796875","0.4225941422594142","0.4225941422594142","0.4225941422594142","0.19444444444444445","0.19444444444444445","0.19444444444444445"
"209","0.121484375","0.121484375","0.121484375","0.3231441048034934","0.3231441048034934","0.3231441048034934","0.10546875","0.10546875","0.10546875"
"210","0.20711462450592888","0.20711462450592888","0.20711462450592888","0.4708333333333333","0.4708333333333333","0.4708333333333333","0.07905138339920949","0.07905138339920949","0.07905138339920949"
"211","0.13203125000000002","0.13203125000000002","0.13203125000000002","0.46153846153846156","0.46153846153846156","0.46153846153846156","0.1015625","0.1015625","0.1015625"
"212","0.24392156862745099","0.24392156862745099","0.24392156862745099","0.5361702127659574","0.5361702127659574","0.5361702127659574","0.16470588235294117","0.16470588235294117","0.16470588235294117"
"213","0.18789062500000003","0.18789062500000003","0.18789062500000003","0.5208333333333334","0.5208333333333334","0.5208333333333334","0.10196078431372549","0.10196078431372549","0.10196078431372549"
"214","0.27656250000000004","0.27656250000000004","0.27656250000000004","0.4854771784232365","0.4854771784232365","0.4854771784232365","0.08695652173913043","0.08695652173913043","0.08695652173913043"
"215","0.130859375","0.130859375","0.130859375","0.3416666666666667","0.3416666666666667","0.3416666666666667","0.07905138339920949","0.07905138339920949","0.07905138339920949"
"216","0.08945312500000001","0.08945312500000001","0.08945312500000001","0.45569620253164556","0.45569620253164556","0.45569620253164556","0.0196078431372549","0.0196078431372549","0.0196078431372549"
"217","0.11875","0.11875","0.11875","0.3257918552036199","0.3257918552036199","0.3257918552036199","0.08267716535433071","0.08267716535433071","0.08267716535433071"
"218","0.10156250000000001","0.10156250000000001","0.10156250000000001","0.3389830508474576","0.3389830508474576","0.3389830508474576","0.055776892430278883","0.055776892430278883","0.055776892430278883"
"219","0.17921568627450982","0.17921568627450982","0.17921568627450982","0.40756302521008403","0.40756302521008403","0.40756302521008403","0.050980392156862744","0.050980392156862744","0.050980392156862744"
"220","0.13398437500000002","0.13398437500000002","0.13398437500000002","0.3427230046948357","0.3427230046948357","0.3427230046948357","0.0390625","0.0390625","0.0390625"
"221","0.092578125","0.092578125","0.092578125","0.3648068669527897","0.3648068669527897","0.3648068669527897","0.050980392156862744","0.050980392156862744","0.050980392156862744"
"222","0.12187500000000001","0.12187500000000001","0.12187500000000001","0.4641350210970464","0.4641350210970464","0.4641350210970464","0.05511811023622047","0.05511811023622047","0.05511811023622047"
"223","0.07968750000000001","0.07968750000000001","0.07968750000000001","0.3442622950819672","0.3442622950819672","0.3442622950819672","0.01568627450980392","0.01568627450980392","0.01568627450980392"
"224","0.16171875000000002","0.16171875000000002","0.16171875000000002","0.41517857142857145","0.41517857142857145","0.41517857142857145","0.01953125","0.01953125","0.01953125"
"225","0.142578125","0.142578125","0.142578125","0.36099585062240663","0.36099585062240663","0.36099585062240663","0.08203125","0.08203125","0.08203125"
"226","0.087109375","0.087109375","0.087109375","0.35684647302904565","0.35684647302904565","0.35684647302904565","0.015748031496062992","0.015748031496062992","0.015748031496062992"
"227","0.1843137254901961","0.1843137254901961","0.1843137254901961","0.5346938775510204","0.5346938775510204","0.5346938775510204","0.046875","0.046875","0.046875"
"228","0.3341176470588235","0.3341176470588235","0.3341176470588235","0.5942622950819673","0.5942622950819673","0.5942622950819673","0.031496062992125984","0.031496062992125984","0.031496062992125984"
"229","0.16367187500000002","0.16367187500000002","0.16367187500000002","0.5682819383259912","0.5682819383259912","0.5682819383259912","0.00392156862745098","0.00392156862745098","0.00392156862745098"
"230","0.20468750000000002","0.20468750000000002","0.20468750000000002","0.5186721991701245","0.5186721991701245","0.5186721991701245","0.00392156862745098","0.00392156862745098","0.00392156862745098"
"231","0.121484375","0.121484375","0.121484375","0.37083333333333335","0.37083333333333335","0.37083333333333335","0.011764705882352941","0.011764705882352941","0.011764705882352941"
"232","0.082421875","0.082421875","0.082421875","0.3568281938325991","0.3568281938325991","0.3568281938325991","0","0","0"
"233","0.17148437500000002","0.17148437500000002","0.17148437500000002","0.5428571428571428","0.5428571428571428","0.5428571428571428","0.0703125","0.0703125","0.0703125"
"234","0.259375","0.259375","0.259375","0.5619834710743802","0.5619834710743802","0.5619834710743802","0.0546875","0.0546875","0.0546875"
"235","0.113671875","0.113671875","0.113671875","0.33739837398373984","0.33739837398373984","0.33739837398373984","0.0078125","0.0078125","0.0078125"
"236","0.25390625","0.25390625","0.25390625","0.508130081300813","0.508130081300813","0.508130081300813","0.05859375","0.05859375","0.05859375"
"237","0.22812500000000002","0.22812500000000002","0.22812500000000002","0.3697478991596639","0.3697478991596639","0.3697478991596639","0.003937007874015748","0.003937007874015748","0.003937007874015748"
"238","0.0890625","0.0890625","0.0890625","0.3699186991869919","0.3699186991869919","0.3699186991869919","0","0","0"
"239","0.21490196078431373","0.21490196078431373","0.21490196078431373","0.45041322314049587","0.45041322314049587","0.45041322314049587","0.023622047244094488","0.023622047244094488","0.023622047244094488"
"240","0.12421875","0.12421875","0.12421875","0.3865546218487395","0.3865546218487395","0.3865546218487395","0.015625","0.015625","0.015625"
"241","0.15803921568627452","0.15803921568627452","0.15803921568627452","0.5261044176706827","0.5261044176706827","0.5261044176706827","0.00390625","0.00390625","0.00390625"
"242","0.220703125","0.220703125","0.220703125","0.4155844155844156","0.4155844155844156","0.4155844155844156","0","0","0"
"243","0.09609375","0.09609375","0.09609375","0.5103734439834025","0.5103734439834025","0.5103734439834025","0.03137254901960784","0.03137254901960784","0.03137254901960784"
"244","0.125","0.125","0.125","0.6285714285714286","0.6285714285714286","0.6285714285714286","0.00390625","0.00390625","0.00390625"
"245","0.083984375","0.083984375","0.083984375","0.3333333333333333","0.3333333333333333","0.3333333333333333","0","0","0"
"246","0.22382812500000004","0.22382812500000004","0.22382812500000004","0.5447154471544715","0.5447154471544715","0.5447154471544715","0.11372549019607843","0.11372549019607843","0.11372549019607843"
"247","0.05529411764705883","0.05529411764705883","0.05529411764705883","0.5579399141630901","0.5579399141630901","0.5579399141630901","0","0","0"
"248","0.004296875","0.004296875","0.004296875","0.5330578512396694","0.5330578512396694","0.5330578512396694","0.01171875","0.01171875","0.01171875"
"249","0.06718750000000001","0.06718750000000001","0.06718750000000001","0.47717842323651455","0.47717842323651455","0.47717842323651455","0.00390625","0.00390625","0.00390625"
"250","0.13478260869565217","0.13478260869565217","0.13478260869565217","0.49122807017543857","0.49122807017543857","0.49122807017543857","","",""
"251","0.05529411764705883","0.05529411764705883","0.05529411764705883","0.4553191489361702","0.4553191489361702","0.4553191489361702","0.00390625","0.00390625","0.00390625"
"252","0.004330708661417323","0.004330708661417323","0.004330708661417323","0.48068669527896996","0.48068669527896996","0.48068669527896996","0.00784313725490196","0.00784313725490196","0.00784313725490196"
"253","0.004296875","0.004296875","0.004296875","0.5677966101694916","0.5677966101694916","0.5677966101694916","0","0","0"
"254","0.0203125","0.0203125","0.0203125","0.5228215767634855","0.5228215767634855","0.5228215767634855","0.0625","0.0625","0.0625"
"255","0.012204724409448819","0.012204724409448819","0.012204724409448819","0.49099099099099097","0.49099099099099097","0.49099099099099097","0","0","0"
"256","0.0673228346456693","0.0673228346456693","0.0673228346456693","0.5217391304347826","0.5217391304347826","0.5217391304347826","0.01953125","0.01953125","0.01953125"
"257","0.0125","0.0125","0.0125","0.3516949152542373","0.3516949152542373","0.3516949152542373","0.0078125","0.0078125","0.0078125"
"258","0.008203125","0.008203125","0.008203125","0.5887445887445888","0.5887445887445888","0.5887445887445888","0","0","0"
"259","0.008203125","0.008203125","0.008203125","0.5714285714285714","0.5714285714285714","0.5714285714285714","0.00390625","0.00390625","0.00390625"
"260","0.029803921568627455","0.029803921568627455","0.029803921568627455","0.5","0.5","0.5","0.00390625","0.00390625","0.00390625"
"261","0.008203125","0.008203125","0.008203125","0.46311475409836067","0.46311475409836067","0.46311475409836067","0","0","0"
"262","0","0","0","0.37037037037037035","0.37037037037037035","0.37037037037037035","0.00390625","0.00390625","0.00390625"
"263","0","0","0","0.3826086956521739","0.3826086956521739","0.3826086956521739","0","0","0"
"264","0.004296875","0.004296875","0.004296875","0.46551724137931033","0.46551724137931033","0.46551724137931033","0.00392156862745098","0.00392156862745098","0.00392156862745098"
"265","0.004296875","0.004296875","0.004296875","","","","0","0","0"
"266","0","0","0","","","","0","0","0"
"267","0","0","0","","","","0","0","0"
"268","0","0","0","","","","0","0","0"
"269","0","0","0","","","","0","0","0"
"270","0.017254901960784316","0.017254901960784316","0.017254901960784316","","","","0.0078125","0.0078125","0.0078125"
"271","0","0","0","","","","0.0078125","0.0078125","0.0078125"
"272","0","0","0","","","","0.00390625","0.00390625","0.00390625"
"273","0","0","0","","","","0.00392156862745098","0.00392156862745098","0.00392156862745098"
"274","0","0","0","","","","0.011764705882352941","0.011764705882352941","0.011764705882352941"
"275","0","0","0","","","","0.0078125","0.0078125","0.0078125"
"276","0","0","0","","","","0","0","0"
"277","0","0","0","","","","0","0","0"
"278","0","0","0","","","","0","0","0"
"279","0.015625","0.015625","0.015625","","","","0","0","0"
"280","0","0","0","","","","0","0","0"
"281","0","0","0","","","","0","0","0"
"282","0.02109375","0.02109375","0.02109375","","","","0.011764705882352941","0.011764705882352941","0.011764705882352941"
"283","0","0","0","","","","0","0","0"
"284","0","0","0","","","","0","0","0"
"285","0","0","0","","","","0","0","0"
"286","0","0","0","","","","0.00390625","0.00390625","0.00390625"
"287","0.00859375","0.00859375","0.00859375","","","","0.00390625","0.00390625","0.00390625"
"288","0","0","0","","","","0","0","0"
"289","0.00390625","0.00390625","0.00390625","","","","0","0","0"
"290","0","0","0","","","","0","0","0"
"291","0","0","0","","","","0","0","0"
"292","0","0","0","","","","0","0","0"
"293","0","0","0","","","","0","0","0"
"294","0","0","0","","","","0","0","0"
"295","0","0","0","","","","0","0","0"
"296","0","0","0","","","","0","0","0"
"297","0","0","0","","","","0","0","0"
"298","0","0","0","","","","0","0","0"
"299","0","0","0","","","","0","0","0"
"300","0","0","0","","","","0","0","0"
"301","0","0","0","","","","","",""
"302","0","0","0","","","","","",""
"303","0","0","0","","","","","",""
"304","0","0","0","","","","","",""
"305","0","0","0","","","","","",""
"306","0","0","0","","","","","",""
"307","0","0","0","","","","","",""
"308","0","0","0","","","","","",""
"309","0","0","0","","","","","",""
"310","0","0","0","","","","","",""
"311","0","0","0","","","","","",""
"312","0","0","0","","","","","",""
"313","0","0","0","","","","","",""
"314","0","0","0","","","","","",""
"315","0","0","0","","","","","",""
"316","0","0","0","","","","","",""
"317","0","0","0","","","","","",""