"Step","recover-pc_swe_v4_1-4b_n8k_t3k-32k-bs16-mbs16-n16-w_monitor - monitor/train/llm_precision","recover-pc_swe_v4_1-4b_n8k_t3k-32k-bs16-mbs16-n16-w_monitor - monitor/train/llm_precision__MIN","recover-pc_swe_v4_1-4b_n8k_t3k-32k-bs16-mbs16-n16-w_monitor - monitor/train/llm_precision__MAX"
"1","0.7333333333333333","0.7333333333333333","0.7333333333333333"
"2","0.7272727272727273","0.7272727272727273","0.7272727272727273"
"3","0.6363636363636364","0.6363636363636364","0.6363636363636364"
"4","0.5714285714285714","0.5714285714285714","0.5714285714285714"
"5","0.6363636363636364","0.6363636363636364","0.6363636363636364"
"6","0.5454545454545454","0.5454545454545454","0.5454545454545454"
"7","0.625","0.625","0.625"
"8","0.7857142857142857","0.7857142857142857","0.7857142857142857"
"9","0.6","0.6","0.6"
"10","0.375","0.375","0.375"
"11","0.56","0.56","0.56"
"12","0.45454545454545453","0.45454545454545453","0.45454545454545453"
"13","0.7894736842105263","0.7894736842105263","0.7894736842105263"
"14","0.7857142857142857","0.7857142857142857","0.7857142857142857"
"15","0.6363636363636364","0.6363636363636364","0.6363636363636364"
"16","0.8","0.8","0.8"
"17","0.6842105263157895","0.6842105263157895","0.6842105263157895"
"18","0.7894736842105263","0.7894736842105263","0.7894736842105263"
"19","0.6","0.6","0.6"
"20","0.8125","0.8125","0.8125"
"21","0.5333333333333333","0.5333333333333333","0.5333333333333333"
"22","0.7142857142857143","0.7142857142857143","0.7142857142857143"
"23","0.5","0.5","0.5"
"24","0.6666666666666666","0.6666666666666666","0.6666666666666666"
"25","0.8333333333333334","0.8333333333333334","0.8333333333333334"
"26","0.5454545454545454","0.5454545454545454","0.5454545454545454"
"27","0.6153846153846154","0.6153846153846154","0.6153846153846154"
"28","0.6666666666666666","0.6666666666666666","0.6666666666666666"
"29","0.8","0.8","0.8"
"30","0.7142857142857143","0.7142857142857143","0.7142857142857143"
"31","0.5833333333333334","0.5833333333333334","0.5833333333333334"
"32","0.8","0.8","0.8"
"33","0.2222222222222222","0.2222222222222222","0.2222222222222222"
"34","0.7058823529411765","0.7058823529411765","0.7058823529411765"
"35","0.6111111111111112","0.6111111111111112","0.6111111111111112"
"36","0.5454545454545454","0.5454545454545454","0.5454545454545454"
"37","0.36363636363636365","0.36363636363636365","0.36363636363636365"
"38","0.7647058823529411","0.7647058823529411","0.7647058823529411"
"39","0.6666666666666666","0.6666666666666666","0.6666666666666666"
"40","0.8181818181818182","0.8181818181818182","0.8181818181818182"
"41","0.7857142857142857","0.7857142857142857","0.7857142857142857"
"42","0.6875","0.6875","0.6875"
"43","0.8333333333333334","0.8333333333333334","0.8333333333333334"
"44","0.7333333333333333","0.7333333333333333","0.7333333333333333"
"45","0.6111111111111112","0.6111111111111112","0.6111111111111112"
"46","0.7647058823529411","0.7647058823529411","0.7647058823529411"
"47","0.9333333333333333","0.9333333333333333","0.9333333333333333"
"48","0.625","0.625","0.625"
"49","0.5238095238095238","0.5238095238095238","0.5238095238095238"
"50","0.8","0.8","0.8"
"51","0.375","0.375","0.375"
"52","0.6363636363636364","0.6363636363636364","0.6363636363636364"
"53","0.5","0.5","0.5"
"54","0.375","0.375","0.375"
"55","0.8888888888888888","0.8888888888888888","0.8888888888888888"
"56","0.7391304347826086","0.7391304347826086","0.7391304347826086"
"57","0.4666666666666667","0.4666666666666667","0.4666666666666667"
"58","0.6923076923076923","0.6923076923076923","0.6923076923076923"
"59","0.7058823529411765","0.7058823529411765","0.7058823529411765"
"60","0.8421052631578947","0.8421052631578947","0.8421052631578947"
"61","1","1","1"
"62","0.7058823529411765","0.7058823529411765","0.7058823529411765"
"63","0.7272727272727273","0.7272727272727273","0.7272727272727273"
"64","0.7777777777777778","0.7777777777777778","0.7777777777777778"
"65","0.6666666666666666","0.6666666666666666","0.6666666666666666"
"66","0.6666666666666666","0.6666666666666666","0.6666666666666666"
"67","0.7","0.7","0.7"
"68","0.7142857142857143","0.7142857142857143","0.7142857142857143"
"69","0.6875","0.6875","0.6875"
"70","0.75","0.75","0.75"
"71","0.7083333333333334","0.7083333333333334","0.7083333333333334"
"72","0.65","0.65","0.65"
"73","0.8484848484848485","0.8484848484848485","0.8484848484848485"
"74","0.9166666666666666","0.9166666666666666","0.9166666666666666"
"75","0.8095238095238095","0.8095238095238095","0.8095238095238095"
"76","0.95","0.95","0.95"
"77","0.8135593220338984","0.8135593220338984","0.8135593220338984"
"78","0.8913043478260869","0.8913043478260869","0.8913043478260869"
"79","0.86","0.86","0.86"
"80","0.8205128205128205","0.8205128205128205","0.8205128205128205"
"81","0.8837209302325582","0.8837209302325582","0.8837209302325582"
"82","0.9387755102040817","0.9387755102040817","0.9387755102040817"
"83","0.9393939393939394","0.9393939393939394","0.9393939393939394"
"84","0.9591836734693877","0.9591836734693877","0.9591836734693877"
"85","0.7962962962962963","0.7962962962962963","0.7962962962962963"
"86","0.9298245614035088","0.9298245614035088","0.9298245614035088"
"87","0.8823529411764706","0.8823529411764706","0.8823529411764706"
"88","0.7903225806451613","0.7903225806451613","0.7903225806451613"
"89","0.8924731182795699","0.8924731182795699","0.8924731182795699"
"90","0.8979591836734694","0.8979591836734694","0.8979591836734694"
"91","0.8936170212765957","0.8936170212765957","0.8936170212765957"
"92","0.9428571428571428","0.9428571428571428","0.9428571428571428"
"93","0.9111111111111111","0.9111111111111111","0.9111111111111111"
"94","0.7368421052631579","0.7368421052631579","0.7368421052631579"
"95","0.9523809523809523","0.9523809523809523","0.9523809523809523"
"96","0.9841269841269841","0.9841269841269841","0.9841269841269841"
"97","0.8666666666666667","0.8666666666666667","0.8666666666666667"
"98","0.9333333333333333","0.9333333333333333","0.9333333333333333"
"99","0.9354838709677419","0.9354838709677419","0.9354838709677419"
"100","0.6842105263157895","0.6842105263157895","0.6842105263157895"
"101","0.8888888888888888","0.8888888888888888","0.8888888888888888"
"102","0.8867924528301887","0.8867924528301887","0.8867924528301887"
"103","0.90625","0.90625","0.90625"
"104","1","1","1"
"105","0.7090909090909091","0.7090909090909091","0.7090909090909091"
"106","0.8947368421052632","0.8947368421052632","0.8947368421052632"
"107","0.9142857142857143","0.9142857142857143","0.9142857142857143"
"108","0.9545454545454546","0.9545454545454546","0.9545454545454546"
"109","0.9210526315789473","0.9210526315789473","0.9210526315789473"
"110","0.9142857142857143","0.9142857142857143","0.9142857142857143"
"111","1","1","1"
"112","1","1","1"
"113","0.75","0.75","0.75"
"114","0.9583333333333334","0.9583333333333334","0.9583333333333334"
"115","0.96875","0.96875","0.96875"
"116","0.8421052631578947","0.8421052631578947","0.8421052631578947"
"117","0.9473684210526315","0.9473684210526315","0.9473684210526315"
"118","0.9565217391304348","0.9565217391304348","0.9565217391304348"
"119","0.9166666666666666","0.9166666666666666","0.9166666666666666"
"120","0.92","0.92","0.92"
"121","0.8823529411764706","0.8823529411764706","0.8823529411764706"
"122","0.8823529411764706","0.8823529411764706","0.8823529411764706"
"123","0.9166666666666666","0.9166666666666666","0.9166666666666666"
"124","0.8846153846153846","0.8846153846153846","0.8846153846153846"
"125","0.6","0.6","0.6"
"126","0.9523809523809523","0.9523809523809523","0.9523809523809523"
"127","0.8518518518518519","0.8518518518518519","0.8518518518518519"
"128","1","1","1"
"129","0.9523809523809523","0.9523809523809523","0.9523809523809523"
"130","1","1","1"
"131","0.9411764705882353","0.9411764705882353","0.9411764705882353"
"132","0.9615384615384616","0.9615384615384616","0.9615384615384616"
"133","0.9090909090909091","0.9090909090909091","0.9090909090909091"
"134","0.88","0.88","0.88"
"135","1","1","1"
"136","0.8333333333333334","0.8333333333333334","0.8333333333333334"
"137","1","1","1"
"138","1","1","1"
"139","1","1","1"
"140","0.9333333333333333","0.9333333333333333","0.9333333333333333"
"141","0.9347826086956522","0.9347826086956522","0.9347826086956522"
"142","0.9666666666666667","0.9666666666666667","0.9666666666666667"
"143","1","1","1"
"144","1","1","1"
"145","0.8571428571428571","0.8571428571428571","0.8571428571428571"
"146","1","1","1"
"147","1","1","1"
"148","1","1","1"
"149","1","1","1"
"150","1","1","1"
"151","1","1","1"
"152","0.9473684210526315","0.9473684210526315","0.9473684210526315"
"153","1","1","1"
"154","0.75","0.75","0.75"
"155","0.9473684210526315","0.9473684210526315","0.9473684210526315"
"156","1","1","1"
"157","1","1","1"
"158","0.9523809523809523","0.9523809523809523","0.9523809523809523"
"159","0.9166666666666666","0.9166666666666666","0.9166666666666666"
"160","1","1","1"
"161","1","1","1"
"162","0.9583333333333334","0.9583333333333334","0.9583333333333334"
"163","1","1","1"
"164","0.9333333333333333","0.9333333333333333","0.9333333333333333"
"165","0.8461538461538461","0.8461538461538461","0.8461538461538461"
"166","0.9166666666666666","0.9166666666666666","0.9166666666666666"
"167","1","1","1"
"168","1","1","1"
"169","0.875","0.875","0.875"
"176","1","1","1"
"177","1","1","1"
"178","0.9545454545454546","0.9545454545454546","0.9545454545454546"
"179","0.75","0.75","0.75"
"180","1","1","1"