"Step","pc_swe_v4_1-4b_n10k_t1k-32k-bs16-mbs16-n16-0.1-0.9 - hack/train/nontrivial_hack_rate","pc_swe_v4_1-4b_n10k_t1k-32k-bs16-mbs16-n16-0.1-0.9 - hack/train/nontrivial_hack_rate__MIN","pc_swe_v4_1-4b_n10k_t1k-32k-bs16-mbs16-n16-0.1-0.9 - hack/train/nontrivial_hack_rate__MAX","pc_swe_v4_1-4b_n10k_t1k-32k-bs16-mbs16-n16-0.0-1.0 - hack/train/nontrivial_hack_rate","pc_swe_v4_1-4b_n10k_t1k-32k-bs16-mbs16-n16-0.0-1.0 - hack/train/nontrivial_hack_rate__MIN","pc_swe_v4_1-4b_n10k_t1k-32k-bs16-mbs16-n16-0.0-1.0 - hack/train/nontrivial_hack_rate__MAX","pc_swe_v4_1-4b_b_n10k_t1k-32k-bs16-mbs16-n16-no_rej-no_mask - hack/train/nontrivial_hack_rate","pc_swe_v4_1-4b_b_n10k_t1k-32k-bs16-mbs16-n16-no_rej-no_mask - hack/train/nontrivial_hack_rate__MIN","pc_swe_v4_1-4b_b_n10k_t1k-32k-bs16-mbs16-n16-no_rej-no_mask - hack/train/nontrivial_hack_rate__MAX"
"1","0","0","0","0","0","0","0","0","0"
"2","0","0","0","0","0","0","0","0","0"
"3","0","0","0","0","0","0","0","0","0"
"4","0","0","0","0","0","0","0","0","0"
"5","0.008","0.008","0.008","0.004048582995951417","0.004048582995951417","0.004048582995951417","0","0","0"
"6","0","0","0","0","0","0","0","0","0"
"7","0","0","0","0","0","0","0","0","0"
"8","0","0","0","0","0","0","0.00398406374501992","0.00398406374501992","0.00398406374501992"
"9","0","0","0","0.00411522633744856","0.00411522633744856","0.00411522633744856","0.003968253968253968","0.003968253968253968","0.003968253968253968"
"10","0.004","0.004","0.004","0","0","0","0","0","0"
"11","0","0","0","0","0","0","0","0","0"
"12","0","0","0","0.004","0.004","0.004","0","0","0"
"13","0","0","0","0.004081632653061225","0.004081632653061225","0.004081632653061225","0","0","0"
"14","0","0","0","0","0","0","0","0","0"
"15","0.00398406374501992","0.00398406374501992","0.00398406374501992","0.004032258064516129","0.004032258064516129","0.004032258064516129","0","0","0"
"16","0","0","0","0","0","0","0","0","0"
"17","0","0","0","0.00398406374501992","0.00398406374501992","0.00398406374501992","0","0","0"
"18","0","0","0","0","0","0","0","0","0"
"19","0","0","0","0","0","0","0","0","0"
"20","0","0","0","0","0","0","0","0","0"
"21","0","0","0","0","0","0","0","0","0"
"22","0","0","0","0","0","0","0","0","0"
"23","0","0","0","0","0","0","0.00411522633744856","0.00411522633744856","0.00411522633744856"
"24","0","0","0","0","0","0","0","0","0"
"25","0","0","0","0","0","0","0","0","0"
"26","0","0","0","0","0","0","0","0","0"
"27","0.004048582995951417","0.004048582995951417","0.004048582995951417","0","0","0","0","0","0"
"28","0","0","0","0","0","0","0","0","0"
"29","0","0","0","0","0","0","0","0","0"
"30","0","0","0","0","0","0","0","0","0"
"31","0","0","0","0","0","0","0.004132231404958678","0.004132231404958678","0.004132231404958678"
"32","0","0","0","0","0","0","0.008","0.008","0.008"
"33","0","0","0","0","0","0","0","0","0"
"34","0","0","0","0","0","0","0.004032258064516129","0.004032258064516129","0.004032258064516129"
"35","0","0","0","0.004081632653061225","0.004081632653061225","0.004081632653061225","0","0","0"
"36","0","0","0","0","0","0","0.0040650406504065045","0.0040650406504065045","0.0040650406504065045"
"37","0.004","0.004","0.004","0","0","0","0","0","0"
"38","0","0","0","0","0","0","0.004132231404958678","0.004132231404958678","0.004132231404958678"
"39","0","0","0","0.00796812749003984","0.00796812749003984","0.00796812749003984","0","0","0"
"40","0","0","0","0.008298755186721992","0.008298755186721992","0.008298755186721992","0","0","0"
"41","0","0","0","0","0","0","0","0","0"
"42","0","0","0","0.004032258064516129","0.004032258064516129","0.004032258064516129","0","0","0"
"43","0","0","0","0","0","0","0.004291845493562232","0.004291845493562232","0.004291845493562232"
"44","0.0040650406504065045","0.0040650406504065045","0.0040650406504065045","0.016260162601626018","0.016260162601626018","0.016260162601626018","0","0","0"
"45","0.003952569169960474","0.003952569169960474","0.003952569169960474","0.00411522633744856","0.00411522633744856","0.00411522633744856","0","0","0"
"46","0","0","0","0.004","0.004","0.004","0.004","0.004","0.004"
"47","0","0","0","0","0","0","0.0040650406504065045","0.0040650406504065045","0.0040650406504065045"
"48","0","0","0","0.004032258064516129","0.004032258064516129","0.004032258064516129","0","0","0"
"49","0","0","0","0.012195121951219513","0.012195121951219513","0.012195121951219513","0.0041841004184100415","0.0041841004184100415","0.0041841004184100415"
"50","0","0","0","0.00784313725490196","0.00784313725490196","0.00784313725490196","0.00392156862745098","0.00392156862745098","0.00392156862745098"
"51","0","0","0","0.008064516129032258","0.008064516129032258","0.008064516129032258","0","0","0"
"52","0","0","0","0","0","0","0","0","0"
"53","0.004048582995951417","0.004048582995951417","0.004048582995951417","0.00816326530612245","0.00816326530612245","0.00816326530612245","0.007905138339920948","0.007905138339920948","0.007905138339920948"
"54","0","0","0","0.00819672131147541","0.00819672131147541","0.00819672131147541","0","0","0"
"55","0","0","0","0.004032258064516129","0.004032258064516129","0.004032258064516129","0.0040650406504065045","0.0040650406504065045","0.0040650406504065045"
"56","0","0","0","0.015873015873015872","0.015873015873015872","0.015873015873015872","0","0","0"
"57","0","0","0","0.004098360655737705","0.004098360655737705","0.004098360655737705","0.004016064257028112","0.004016064257028112","0.004016064257028112"
"58","0.004149377593360996","0.004149377593360996","0.004149377593360996","0.020080321285140562","0.020080321285140562","0.020080321285140562","0.032520325203252036","0.032520325203252036","0.032520325203252036"
"59","0","0","0","0.015873015873015872","0.015873015873015872","0.015873015873015872","0.015748031496062992","0.015748031496062992","0.015748031496062992"
"60","0.004081632653061225","0.004081632653061225","0.004081632653061225","0.00411522633744856","0.00411522633744856","0.00411522633744856","0.068","0.068","0.068"
"61","0","0","0","0.008130081300813009","0.008130081300813009","0.008130081300813009","0.004032258064516129","0.004032258064516129","0.004032258064516129"
"62","0","0","0","0.028225806451612902","0.028225806451612902","0.028225806451612902","0.00816326530612245","0.00816326530612245","0.00816326530612245"
"63","0","0","0","0.03333333333333333","0.03333333333333333","0.03333333333333333","0.0125","0.0125","0.0125"
"64","0.003968253968253968","0.003968253968253968","0.003968253968253968","0.04743083003952569","0.04743083003952569","0.04743083003952569","0","0","0"
"65","0.004166666666666667","0.004166666666666667","0.004166666666666667","0.0326530612244898","0.0326530612244898","0.0326530612244898","0.037037037037037035","0.037037037037037035","0.037037037037037035"
"66","0","0","0","0.024291497975708502","0.024291497975708502","0.024291497975708502","0.05952380952380952","0.05952380952380952","0.05952380952380952"
"67","0","0","0","0.03347280334728033","0.03347280334728033","0.03347280334728033","0","0","0"
"68","0.004366812227074236","0.004366812227074236","0.004366812227074236","0.05714285714285714","0.05714285714285714","0.05714285714285714","0","0","0"
"69","0","0","0","0.04365079365079365","0.04365079365079365","0.04365079365079365","0","0","0"
"70","0","0","0","0.10843373493975904","0.10843373493975904","0.10843373493975904","","",""
"71","0","0","0","0.07630522088353414","0.07630522088353414","0.07630522088353414","0.004032258064516129","0.004032258064516129","0.004032258064516129"
"72","0","0","0","0.07142857142857142","0.07142857142857142","0.07142857142857142","0","0","0"
"73","0","0","0","0.09387755102040816","0.09387755102040816","0.09387755102040816","0","0","0"
"74","0","0","0","0.1125","0.1125","0.1125","0.008333333333333333","0.008333333333333333","0.008333333333333333"
"75","0.00819672131147541","0.00819672131147541","0.00819672131147541","0.12550607287449392","0.12550607287449392","0.12550607287449392","0.004166666666666667","0.004166666666666667","0.004166666666666667"
"76","0","0","0","0.14","0.14","0.14","0.00423728813559322","0.00423728813559322","0.00423728813559322"
"77","0.008658008658008658","0.008658008658008658","0.008658008658008658","0.1825726141078838","0.1825726141078838","0.1825726141078838","0","0","0"
"78","0","0","0","0.1814516129032258","0.1814516129032258","0.1814516129032258","0","0","0"
"79","0.004032258064516129","0.004032258064516129","0.004032258064516129","0.12903225806451613","0.12903225806451613","0.12903225806451613","0","0","0"
"80","0","0","0","0.17012448132780084","0.17012448132780084","0.17012448132780084","0","0","0"
"81","0","0","0","0.2283464566929134","0.2283464566929134","0.2283464566929134","0","0","0"
"82","0","0","0","0.2336065573770492","0.2336065573770492","0.2336065573770492","0","0","0"
"83","0.00411522633744856","0.00411522633744856","0.00411522633744856","0.3360323886639676","0.3360323886639676","0.3360323886639676","0.0040650406504065045","0.0040650406504065045","0.0040650406504065045"
"84","0","0","0","0.242914979757085","0.242914979757085","0.242914979757085","0","0","0"
"85","0.00423728813559322","0.00423728813559322","0.00423728813559322","0.22540983606557377","0.22540983606557377","0.22540983606557377","0.004219409282700422","0.004219409282700422","0.004219409282700422"
"86","0.004032258064516129","0.004032258064516129","0.004032258064516129","0.37551020408163266","0.37551020408163266","0.37551020408163266","0.003952569169960474","0.003952569169960474","0.003952569169960474"
"87","0.004032258064516129","0.004032258064516129","0.004032258064516129","0.2845528455284553","0.2845528455284553","0.2845528455284553","0.004032258064516129","0.004032258064516129","0.004032258064516129"
"88","0.004","0.004","0.004","0.4024390243902439","0.4024390243902439","0.4024390243902439","0","0","0"
"89","0","0","0","0.3614457831325301","0.3614457831325301","0.3614457831325301","0","0","0"
"90","0","0","0","0.3360655737704918","0.3360655737704918","0.3360655737704918","0","0","0"
"91","0","0","0","0.43388429752066116","0.43388429752066116","0.43388429752066116","0","0","0"
"92","0","0","0","0.46530612244897956","0.46530612244897956","0.46530612244897956","0.00881057268722467","0.00881057268722467","0.00881057268722467"
"93","0","0","0","0.4125","0.4125","0.4125","0.004405286343612335","0.004405286343612335","0.004405286343612335"
"94","0.01646090534979424","0.01646090534979424","0.01646090534979424","0.5","0.5","0.5","0.004032258064516129","0.004032258064516129","0.004032258064516129"
"95","0","0","0","0.47808764940239046","0.47808764940239046","0.47808764940239046","0","0","0"
"96","0","0","0","0.46502057613168724","0.46502057613168724","0.46502057613168724","0.004405286343612335","0.004405286343612335","0.004405286343612335"
"97","0.004166666666666667","0.004166666666666667","0.004166666666666667","0.45934959349593496","0.45934959349593496","0.45934959349593496","0.008403361344537815","0.008403361344537815","0.008403361344537815"
"98","0","0","0","0.5418326693227091","0.5418326693227091","0.5418326693227091","0","0","0"
"99","0","0","0","0.344","0.344","0.344","0.004132231404958678","0.004132231404958678","0.004132231404958678"
"100","0.004166666666666667","0.004166666666666667","0.004166666666666667","0.348","0.348","0.348","0.004149377593360996","0.004149377593360996","0.004149377593360996"
"101","0.004291845493562232","0.004291845493562232","0.004291845493562232","0.5158730158730159","0.5158730158730159","0.5158730158730159","0.004329004329004329","0.004329004329004329","0.004329004329004329"
"102","0.013043478260869565","0.013043478260869565","0.013043478260869565","0.4820717131474104","0.4820717131474104","0.4820717131474104","0","0","0"
"103","0","0","0","0.4745098039215686","0.4745098039215686","0.4745098039215686","0","0","0"
"104","0.00423728813559322","0.00423728813559322","0.00423728813559322","0.5877551020408164","0.5877551020408164","0.5877551020408164","0","0","0"
"105","0","0","0","0.5612648221343873","0.5612648221343873","0.5612648221343873","0","0","0"
"106","0.012711864406779662","0.012711864406779662","0.012711864406779662","0.5657370517928287","0.5657370517928287","0.5657370517928287","0","0","0"
"107","0.008658008658008658","0.008658008658008658","0.008658008658008658","0.5040322580645161","0.5040322580645161","0.5040322580645161","0","0","0"
"108","0.004347826086956522","0.004347826086956522","0.004347826086956522","0.5","0.5","0.5","0.00881057268722467","0.00881057268722467","0.00881057268722467"
"109","0.012711864406779662","0.012711864406779662","0.012711864406779662","0.5201612903225806","0.5201612903225806","0.5201612903225806","0.004291845493562232","0.004291845493562232","0.004291845493562232"
"110","0.007936507936507936","0.007936507936507936","0.007936507936507936","0.4235294117647059","0.4235294117647059","0.4235294117647059","0","0","0"
"111","0.004149377593360996","0.004149377593360996","0.004149377593360996","0.5039370078740157","0.5039370078740157","0.5039370078740157","0.00823045267489712","0.00823045267489712","0.00823045267489712"
"112","0.016736401673640166","0.016736401673640166","0.016736401673640166","0.6370967741935484","0.6370967741935484","0.6370967741935484","0","0","0"
"113","0.008620689655172414","0.008620689655172414","0.008620689655172414","0.5119047619047619","0.5119047619047619","0.5119047619047619","0","0","0"
"114","0.01606425702811245","0.01606425702811245","0.01606425702811245","0.453125","0.453125","0.453125","0.004032258064516129","0.004032258064516129","0.004032258064516129"
"115","0.0125","0.0125","0.0125","0.4901185770750988","0.4901185770750988","0.4901185770750988","0.00425531914893617","0.00425531914893617","0.00425531914893617"
"116","0.02032520325203252","0.02032520325203252","0.02032520325203252","0.4881889763779528","0.4881889763779528","0.4881889763779528","0","0","0"
"117","0.016666666666666666","0.016666666666666666","0.016666666666666666","0.5254901960784314","0.5254901960784314","0.5254901960784314","0","0","0"
"118","0.029661016949152543","0.029661016949152543","0.029661016949152543","0.592741935483871","0.592741935483871","0.592741935483871","0.004464285714285714","0.004464285714285714","0.004464285714285714"
"119","0.040160642570281124","0.040160642570281124","0.040160642570281124","0.6023622047244095","0.6023622047244095","0.6023622047244095","0","0","0"
"120","0.025210084033613446","0.025210084033613446","0.025210084033613446","0.4940239043824701","0.4940239043824701","0.4940239043824701","0.00425531914893617","0.00425531914893617","0.00425531914893617"
"121","0.03463203463203463","0.03463203463203463","0.03463203463203463","0.6062992125984252","0.6062992125984252","0.6062992125984252","0.004424778761061947","0.004424778761061947","0.004424778761061947"
"122","0.0375","0.0375","0.0375","0.5277777777777778","0.5277777777777778","0.5277777777777778","0","0","0"
"123","0.024390243902439025","0.024390243902439025","0.024390243902439025","0.484251968503937","0.484251968503937","0.484251968503937","0","0","0"
"124","0.07264957264957266","0.07264957264957266","0.07264957264957266","0.6975806451612904","0.6975806451612904","0.6975806451612904","0.008849557522123894","0.008849557522123894","0.008849557522123894"
"125","0.04417670682730924","0.04417670682730924","0.04417670682730924","0.6640625","0.6640625","0.6640625","0.004166666666666667","0.004166666666666667","0.004166666666666667"
"126","0.06694560669456066","0.06694560669456066","0.06694560669456066","0.5803921568627451","0.5803921568627451","0.5803921568627451","0","0","0"
"127","0.05504587155963303","0.05504587155963303","0.05504587155963303","0.6235294117647059","0.6235294117647059","0.6235294117647059","0.004975124378109453","0.004975124378109453","0.004975124378109453"
"128","0.13333333333333333","0.13333333333333333","0.13333333333333333","0.65234375","0.65234375","0.65234375","0","0","0"
"129","0.12831858407079647","0.12831858407079647","0.12831858407079647","0.6521739130434783","0.6521739130434783","0.6521739130434783","0.02109704641350211","0.02109704641350211","0.02109704641350211"
"130","0.11392405063291139","0.11392405063291139","0.11392405063291139","0.6235294117647059","0.6235294117647059","0.6235294117647059","0.004310344827586207","0.004310344827586207","0.004310344827586207"
"131","0.04201680672268908","0.04201680672268908","0.04201680672268908","0.49206349206349204","0.49206349206349204","0.49206349206349204","0","0","0"
"132","0.10344827586206896","0.10344827586206896","0.10344827586206896","0.6640316205533597","0.6640316205533597","0.6640316205533597","0.004219409282700422","0.004219409282700422","0.004219409282700422"
"133","0.12345679012345678","0.12345679012345678","0.12345679012345678","0.640625","0.640625","0.640625","0","0","0"
"134","0.15254237288135594","0.15254237288135594","0.15254237288135594","0.6705882352941176","0.6705882352941176","0.6705882352941176","0","0","0"
"135","0.11688311688311688","0.11688311688311688","0.11688311688311688","0.6403162055335968","0.6403162055335968","0.6403162055335968","0.008771929824561403","0.008771929824561403","0.008771929824561403"
"136","0.15","0.15","0.15","0.547244094488189","0.547244094488189","0.547244094488189","0.004081632653061225","0.004081632653061225","0.004081632653061225"
"137","0.24050632911392406","0.24050632911392406","0.24050632911392406","0.7529411764705882","0.7529411764705882","0.7529411764705882","0.012195121951219513","0.012195121951219513","0.012195121951219513"
"138","0.24896265560165975","0.24896265560165975","0.24896265560165975","0.6837944664031621","0.6837944664031621","0.6837944664031621","0.0044444444444444444","0.0044444444444444444","0.0044444444444444444"
"139","0.29310344827586204","0.29310344827586204","0.29310344827586204","0.7401574803149606","0.7401574803149606","0.7401574803149606","0.004291845493562232","0.004291845493562232","0.004291845493562232"
"140","0.29515418502202645","0.29515418502202645","0.29515418502202645","0.5764705882352941","0.5764705882352941","0.5764705882352941","0","0","0"
"141","0.24380165289256198","0.24380165289256198","0.24380165289256198","0.6086956521739131","0.6086956521739131","0.6086956521739131","0.004219409282700422","0.004219409282700422","0.004219409282700422"
"142","0.49137931034482757","0.49137931034482757","0.49137931034482757","0.8247011952191236","0.8247011952191236","0.8247011952191236","0","0","0"
"143","0.44155844155844154","0.44155844155844154","0.44155844155844154","0.7351778656126482","0.7351778656126482","0.7351778656126482","0.021929824561403508","0.021929824561403508","0.021929824561403508"
"144","0.37037037037037035","0.37037037037037035","0.37037037037037035","0.59375","0.59375","0.59375","0.008368200836820083","0.008368200836820083","0.008368200836820083"
"145","0.40948275862068967","0.40948275862068967","0.40948275862068967","0.7421875","0.7421875","0.7421875","0.018957345971563982","0.018957345971563982","0.018957345971563982"
"146","0.36885245901639346","0.36885245901639346","0.36885245901639346","0.6274509803921569","0.6274509803921569","0.6274509803921569","0.013452914798206279","0.013452914798206279","0.013452914798206279"
"147","0.3983739837398374","0.3983739837398374","0.3983739837398374","0.61328125","0.61328125","0.61328125","0.025974025974025976","0.025974025974025976","0.025974025974025976"
"148","0.3786008230452675","0.3786008230452675","0.3786008230452675","0.6953125","0.6953125","0.6953125","0.01282051282051282","0.01282051282051282","0.01282051282051282"
"149","0.46443514644351463","0.46443514644351463","0.46443514644351463","0.7211155378486056","0.7211155378486056","0.7211155378486056","0.00975609756097561","0.00975609756097561","0.00975609756097561"
"150","0.36947791164658633","0.36947791164658633","0.36947791164658633","0.6732283464566929","0.6732283464566929","0.6732283464566929","0.021367521367521368","0.021367521367521368","0.021367521367521368"
"151","0.4279661016949153","0.4279661016949153","0.4279661016949153","0.5882352941176471","0.5882352941176471","0.5882352941176471","0.0330188679245283","0.0330188679245283","0.0330188679245283"
"152","0.5537848605577689","0.5537848605577689","0.5537848605577689","0.640625","0.640625","0.640625","0.034334763948497854","0.034334763948497854","0.034334763948497854"
"153","0.4817813765182186","0.4817813765182186","0.4817813765182186","0.66796875","0.66796875","0.66796875","0.03225806451612903","0.03225806451612903","0.03225806451612903"
"154","0.46825396825396826","0.46825396825396826","0.46825396825396826","0.6150793650793651","0.6150793650793651","0.6150793650793651","0.03765690376569038","0.03765690376569038","0.03765690376569038"
"155","0.4","0.4","0.4","0.765625","0.765625","0.765625","0.04054054054054054","0.04054054054054054","0.04054054054054054"
"156","0.4032258064516129","0.4032258064516129","0.4032258064516129","0.6653543307086615","0.6653543307086615","0.6653543307086615","0.030973451327433628","0.030973451327433628","0.030973451327433628"
"157","0.350597609561753","0.350597609561753","0.350597609561753","0.7233201581027668","0.7233201581027668","0.7233201581027668","0.0365296803652968","0.0365296803652968","0.0365296803652968"
"158","0.488","0.488","0.488","0.7609561752988048","0.7609561752988048","0.7609561752988048","0.07327586206896551","0.07327586206896551","0.07327586206896551"
"159","0.516260162601626","0.516260162601626","0.516260162601626","0.84375","0.84375","0.84375","0.11312217194570136","0.11312217194570136","0.11312217194570136"
"160","0.444","0.444","0.444","0.7559055118110236","0.7559055118110236","0.7559055118110236","0.07692307692307693","0.07692307692307693","0.07692307692307693"
"161","0.5098039215686274","0.5098039215686274","0.5098039215686274","0.7176470588235294","0.7176470588235294","0.7176470588235294","0.13306451612903225","0.13306451612903225","0.13306451612903225"
"162","0.5708661417322834","0.5708661417322834","0.5708661417322834","0.7519685039370079","0.7519685039370079","0.7519685039370079","0.18636363636363637","0.18636363636363637","0.18636363636363637"
"163","0.4251968503937008","0.4251968503937008","0.4251968503937008","0.7490196078431373","0.7490196078431373","0.7490196078431373","0.13025210084033614","0.13025210084033614","0.13025210084033614"
"164","0.403921568627451","0.403921568627451","0.403921568627451","0.6862745098039216","0.6862745098039216","0.6862745098039216","0.17672413793103448","0.17672413793103448","0.17672413793103448"
"165","0.42913385826771655","0.42913385826771655","0.42913385826771655","0.6627450980392157","0.6627450980392157","0.6627450980392157","0.17427385892116182","0.17427385892116182","0.17427385892116182"
"166","0.503968253968254","0.503968253968254","0.503968253968254","0.7137254901960784","0.7137254901960784","0.7137254901960784","0.23949579831932774","0.23949579831932774","0.23949579831932774"
"167","0.5100401606425703","0.5100401606425703","0.5100401606425703","0.8156862745098039","0.8156862745098039","0.8156862745098039","0.23728813559322035","0.23728813559322035","0.23728813559322035"
"168","0.544","0.544","0.544","0.8046875","0.8046875","0.8046875","0.3146551724137931","0.3146551724137931","0.3146551724137931"
"169","0.51171875","0.51171875","0.51171875","0.7333333333333333","0.7333333333333333","0.7333333333333333","0.2786885245901639","0.2786885245901639","0.2786885245901639"
"170","0.3568627450980392","0.3568627450980392","0.3568627450980392","0.6484375","0.6484375","0.6484375","0.22950819672131148","0.22950819672131148","0.22950819672131148"
"171","0.4820717131474104","0.4820717131474104","0.4820717131474104","0.68359375","0.68359375","0.68359375","0.3142857142857143","0.3142857142857143","0.3142857142857143"
"172","0.5179282868525896","0.5179282868525896","0.5179282868525896","0.61328125","0.61328125","0.61328125","0.3305084745762712","0.3305084745762712","0.3305084745762712"
"173","0.4666666666666667","0.4666666666666667","0.4666666666666667","0.6941176470588235","0.6941176470588235","0.6941176470588235","0.3416666666666667","0.3416666666666667","0.3416666666666667"
"174","0.5019607843137255","0.5019607843137255","0.5019607843137255","0.80078125","0.80078125","0.80078125","0.430327868852459","0.430327868852459","0.430327868852459"
"175","0.5059288537549407","0.5059288537549407","0.5059288537549407","0.6862745098039216","0.6862745098039216","0.6862745098039216","0.34710743801652894","0.34710743801652894","0.34710743801652894"
"176","0.40784313725490196","0.40784313725490196","0.40784313725490196","0.7283464566929134","0.7283464566929134","0.7283464566929134","0.32388663967611336","0.32388663967611336","0.32388663967611336"
"177","0.5703125","0.5703125","0.5703125","0.77734375","0.77734375","0.77734375","0.3888888888888889","0.3888888888888889","0.3888888888888889"
"178","0.5454545454545454","0.5454545454545454","0.5454545454545454","0.8503937007874016","0.8503937007874016","0.8503937007874016","0.4738955823293173","0.4738955823293173","0.4738955823293173"
"179","0.6705882352941176","0.6705882352941176","0.6705882352941176","0.75390625","0.75390625","0.75390625","0.51440329218107","0.51440329218107","0.51440329218107"
"180","0.5905511811023622","0.5905511811023622","0.5905511811023622","0.807843137254902","0.807843137254902","0.807843137254902","0.4773662551440329","0.4773662551440329","0.4773662551440329"
"181","0.5568627450980392","0.5568627450980392","0.5568627450980392","0.78515625","0.78515625","0.78515625","0.4219409282700422","0.4219409282700422","0.4219409282700422"
"182","0.5866141732283464","0.5866141732283464","0.5866141732283464","0.792156862745098","0.792156862745098","0.792156862745098","0.5454545454545454","0.5454545454545454","0.5454545454545454"
"183","0.5354330708661418","0.5354330708661418","0.5354330708661418","0.7204724409448819","0.7204724409448819","0.7204724409448819","0.4578313253012048","0.4578313253012048","0.4578313253012048"
"184","0.4117647058823529","0.4117647058823529","0.4117647058823529","0.73046875","0.73046875","0.73046875","0.308","0.308","0.308"
"185","0.6352941176470588","0.6352941176470588","0.6352941176470588","0.80078125","0.80078125","0.80078125","0.5317460317460317","0.5317460317460317","0.5317460317460317"
"186","0.5234375","0.5234375","0.5234375","0.67578125","0.67578125","0.67578125","0.45081967213114754","0.45081967213114754","0.45081967213114754"
"187","0.596078431372549","0.596078431372549","0.596078431372549","0.6953125","0.6953125","0.6953125","0.5219123505976095","0.5219123505976095","0.5219123505976095"
"188","0.47244094488188976","0.47244094488188976","0.47244094488188976","0.6484375","0.6484375","0.6484375","0.3665338645418327","0.3665338645418327","0.3665338645418327"
"189","0.55859375","0.55859375","0.55859375","0.8431372549019608","0.8431372549019608","0.8431372549019608","0.491869918699187","0.491869918699187","0.491869918699187"
"190","0.6313725490196078","0.6313725490196078","0.6313725490196078","0.8046875","0.8046875","0.8046875","0.49800796812749004","0.49800796812749004","0.49800796812749004"
"191","0.562992125984252","0.562992125984252","0.562992125984252","0.7007874015748031","0.7007874015748031","0.7007874015748031","0.488","0.488","0.488"
"192","0.6705882352941176","0.6705882352941176","0.6705882352941176","0.81640625","0.81640625","0.81640625","0.456","0.456","0.456"
"193","0.6392156862745098","0.6392156862745098","0.6392156862745098","0.792156862745098","0.792156862745098","0.792156862745098","0.5215686274509804","0.5215686274509804","0.5215686274509804"
"194","0.640625","0.640625","0.640625","0.8549019607843137","0.8549019607843137","0.8549019607843137","0.5859375","0.5859375","0.5859375"
"195","0.43359375","0.43359375","0.43359375","0.7734375","0.7734375","0.7734375","0.33203125","0.33203125","0.33203125"
"196","0.6956521739130435","0.6956521739130435","0.6956521739130435","0.859375","0.859375","0.859375","0.5674603174603174","0.5674603174603174","0.5674603174603174"
"197","0.55859375","0.55859375","0.55859375","0.859375","0.859375","0.859375","0.4980237154150198","0.4980237154150198","0.4980237154150198"
"198","0.5537848605577689","0.5537848605577689","0.5537848605577689","0.7874015748031497","0.7874015748031497","0.7874015748031497","0.47244094488188976","0.47244094488188976","0.47244094488188976"
"199","0.48046875","0.48046875","0.48046875","0.8","0.8","0.8","0.31640625","0.31640625","0.31640625"
"200","0.6535433070866141","0.6535433070866141","0.6535433070866141","0.8274509803921568","0.8274509803921568","0.8274509803921568","0.5573122529644269","0.5573122529644269","0.5573122529644269"
"201","0.625","0.625","0.625","0.7795275590551181","0.7795275590551181","0.7795275590551181","0.5118110236220472","0.5118110236220472","0.5118110236220472"
"202","0.6640625","0.6640625","0.6640625","0.8373015873015873","0.8373015873015873","0.8373015873015873","0.5433070866141733","0.5433070866141733","0.5433070866141733"
"203","0.5078740157480315","0.5078740157480315","0.5078740157480315","0.7764705882352941","0.7764705882352941","0.7764705882352941","0.484375","0.484375","0.484375"
"204","0.6039215686274509","0.6039215686274509","0.6039215686274509","0.8070866141732284","0.8070866141732284","0.8070866141732284","0.5236220472440944","0.5236220472440944","0.5236220472440944"
"205","0.69921875","0.69921875","0.69921875","0.7890625","0.7890625","0.7890625","0.531496062992126","0.531496062992126","0.531496062992126"
"206","0.5490196078431373","0.5490196078431373","0.5490196078431373","0.8070866141732284","0.8070866141732284","0.8070866141732284","0.41568627450980394","0.41568627450980394","0.41568627450980394"
"207","0.5882352941176471","0.5882352941176471","0.5882352941176471","0.8117647058823529","0.8117647058823529","0.8117647058823529","0.4566929133858268","0.4566929133858268","0.4566929133858268"
"208","0.61328125","0.61328125","0.61328125","0.89453125","0.89453125","0.89453125","0.5833333333333334","0.5833333333333334","0.5833333333333334"
"209","0.70703125","0.70703125","0.70703125","0.8274509803921568","0.8274509803921568","0.8274509803921568","0.640625","0.640625","0.640625"
"210","0.6181102362204725","0.6181102362204725","0.6181102362204725","0.9173228346456693","0.9173228346456693","0.9173228346456693","0.7233201581027668","0.7233201581027668","0.7233201581027668"
"211","0.57421875","0.57421875","0.57421875","0.9296875","0.9296875","0.9296875","0.62890625","0.62890625","0.62890625"
"212","0.6039215686274509","0.6039215686274509","0.6039215686274509","0.9411764705882353","0.9411764705882353","0.9411764705882353","0.611764705882353","0.611764705882353","0.611764705882353"
"213","0.5703125","0.5703125","0.5703125","0.86328125","0.86328125","0.86328125","0.6705882352941176","0.6705882352941176","0.6705882352941176"
"214","0.5234375","0.5234375","0.5234375","0.33203125","0.33203125","0.33203125","0.7154150197628458","0.7154150197628458","0.7154150197628458"
"215","0.6850393700787402","0.6850393700787402","0.6850393700787402","0.8937007874015748","0.8937007874015748","0.8937007874015748","0.5928853754940712","0.5928853754940712","0.5928853754940712"
"216","0.7598425196850394","0.7598425196850394","0.7598425196850394","0.82421875","0.82421875","0.82421875","0.7176470588235294","0.7176470588235294","0.7176470588235294"
"217","0.69140625","0.69140625","0.69140625","0.87109375","0.87109375","0.87109375","0.6614173228346457","0.6614173228346457","0.6614173228346457"
"218","0.6627450980392157","0.6627450980392157","0.6627450980392157","0.77734375","0.77734375","0.77734375","0.6533864541832669","0.6533864541832669","0.6533864541832669"
"219","0.69921875","0.69921875","0.69921875","0.85546875","0.85546875","0.85546875","0.7450980392156863","0.7450980392156863","0.7450980392156863"
"220","0.6862745098039216","0.6862745098039216","0.6862745098039216","0.8125","0.8125","0.8125","0.7265625","0.7265625","0.7265625"
"221","0.74609375","0.74609375","0.74609375","0.8582677165354331","0.8582677165354331","0.8582677165354331","0.7490196078431373","0.7490196078431373","0.7490196078431373"
"222","0.6640625","0.6640625","0.6640625","0.75390625","0.75390625","0.75390625","0.7204724409448819","0.7204724409448819","0.7204724409448819"
"223","0.71875","0.71875","0.71875","0.71484375","0.71484375","0.71484375","0.7294117647058823","0.7294117647058823","0.7294117647058823"
"224","0.6484375","0.6484375","0.6484375","0.87890625","0.87890625","0.87890625","0.8125","0.8125","0.8125"
"225","0.6588235294117647","0.6588235294117647","0.6588235294117647","0.8203125","0.8203125","0.8203125","0.71875","0.71875","0.71875"
"226","0.7725490196078432","0.7725490196078432","0.7725490196078432","0.81640625","0.81640625","0.81640625","0.7440944881889764","0.7440944881889764","0.7440944881889764"
"227","0.59375","0.59375","0.59375","0.76171875","0.76171875","0.76171875","0.7265625","0.7265625","0.7265625"
"228","0.546875","0.546875","0.546875","0.82421875","0.82421875","0.82421875","0.7244094488188977","0.7244094488188977","0.7244094488188977"
"229","0.65625","0.65625","0.65625","0.85546875","0.85546875","0.85546875","0.8156862745098039","0.8156862745098039","0.8156862745098039"
"230","0.6171875","0.6171875","0.6171875","0.8515625","0.8515625","0.8515625","0.8274509803921568","0.8274509803921568","0.8274509803921568"
"231","0.703125","0.703125","0.703125","0.803921568627451","0.803921568627451","0.803921568627451","0.8117647058823529","0.8117647058823529","0.8117647058823529"
"232","0.76953125","0.76953125","0.76953125","0.8784313725490196","0.8784313725490196","0.8784313725490196","0.7874015748031497","0.7874015748031497","0.7874015748031497"
"233","0.625","0.625","0.625","0.83203125","0.83203125","0.83203125","0.70703125","0.70703125","0.70703125"
"234","0.6588235294117647","0.6588235294117647","0.6588235294117647","0.8984375","0.8984375","0.8984375","0.76171875","0.76171875","0.76171875"
"235","0.73828125","0.73828125","0.73828125","0.8745098039215686","0.8745098039215686","0.8745098039215686","0.71484375","0.71484375","0.71484375"
"236","0.578125","0.578125","0.578125","0.8666666666666667","0.8666666666666667","0.8666666666666667","0.6875","0.6875","0.6875"
"237","0.61328125","0.61328125","0.61328125","0.76953125","0.76953125","0.76953125","0.7637795275590551","0.7637795275590551","0.7637795275590551"
"238","0.7578125","0.7578125","0.7578125","0.9375","0.9375","0.9375","0.788235294117647","0.788235294117647","0.788235294117647"
"239","0.56640625","0.56640625","0.56640625","0.81640625","0.81640625","0.81640625","0.7755905511811023","0.7755905511811023","0.7755905511811023"
"240","0.6352941176470588","0.6352941176470588","0.6352941176470588","0.828125","0.828125","0.828125","0.72265625","0.72265625","0.72265625"
"241","0.6328125","0.6328125","0.6328125","0.8392156862745098","0.8392156862745098","0.8392156862745098","0.79296875","0.79296875","0.79296875"
"242","0.6796875","0.6796875","0.6796875","0.8515625","0.8515625","0.8515625","0.7450980392156863","0.7450980392156863","0.7450980392156863"
"243","0.71875","0.71875","0.71875","0.792156862745098","0.792156862745098","0.792156862745098","0.7372549019607844","0.7372549019607844","0.7372549019607844"
"244","0.6745098039215687","0.6745098039215687","0.6745098039215687","0.8046875","0.8046875","0.8046875","0.6953125","0.6953125","0.6953125"
"245","0.7109375","0.7109375","0.7109375","0.8515625","0.8515625","0.8515625","0.76953125","0.76953125","0.76953125"
"246","0.6328125","0.6328125","0.6328125","0.90234375","0.90234375","0.90234375","0.6941176470588235","0.6941176470588235","0.6941176470588235"
"247","0.72265625","0.72265625","0.72265625","0.875","0.875","0.875","0.7795275590551181","0.7795275590551181","0.7795275590551181"
"248","0.76171875","0.76171875","0.76171875","0.95703125","0.95703125","0.95703125","0.828125","0.828125","0.828125"
"249","0.6431372549019608","0.6431372549019608","0.6431372549019608","0.8828125","0.8828125","0.8828125","0.76953125","0.76953125","0.76953125"
"250","0.6328125","0.6328125","0.6328125","0.87890625","0.87890625","0.87890625","","",""
"251","0.6823529411764706","0.6823529411764706","0.6823529411764706","0.828125","0.828125","0.828125","0.76953125","0.76953125","0.76953125"
"252","0.7265625","0.7265625","0.7265625","0.9251968503937008","0.9251968503937008","0.9251968503937008","0.792156862745098","0.792156862745098","0.792156862745098"
"253","0.703125","0.703125","0.703125","0.92578125","0.92578125","0.92578125","0.7578125","0.7578125","0.7578125"
"254","0.734375","0.734375","0.734375","0.84375","0.84375","0.84375","0.765625","0.765625","0.765625"
"255","0.7890625","0.7890625","0.7890625","0.87890625","0.87890625","0.87890625","0.8203125","0.8203125","0.8203125"
"256","0.65625","0.65625","0.65625","0.91015625","0.91015625","0.91015625","0.80078125","0.80078125","0.80078125"
"257","0.6941176470588235","0.6941176470588235","0.6941176470588235","0.9137254901960784","0.9137254901960784","0.9137254901960784","0.796875","0.796875","0.796875"
"258","0.72265625","0.72265625","0.72265625","0.91796875","0.91796875","0.91796875","0.8","0.8","0.8"
"259","0.7265625","0.7265625","0.7265625","0.921875","0.921875","0.921875","0.7578125","0.7578125","0.7578125"
"260","0.671875","0.671875","0.671875","0.94921875","0.94921875","0.94921875","0.82421875","0.82421875","0.82421875"
"261","0.73046875","0.73046875","0.73046875","0.5546875","0.5546875","0.5546875","0.8274509803921568","0.8274509803921568","0.8274509803921568"
"262","0.7176470588235294","0.7176470588235294","0.7176470588235294","0.78125","0.78125","0.78125","0.83984375","0.83984375","0.83984375"
"263","0.8515625","0.8515625","0.8515625","0.7401574803149606","0.7401574803149606","0.7401574803149606","0.7905138339920948","0.7905138339920948","0.7905138339920948"
"264","0.73828125","0.73828125","0.73828125","0.9296875","0.9296875","0.9296875","0.7647058823529411","0.7647058823529411","0.7647058823529411"
"265","0.734375","0.734375","0.734375","0.83984375","0.83984375","0.83984375","0.83984375","0.83984375","0.83984375"
"266","0.76953125","0.76953125","0.76953125","0.9169960474308301","0.9169960474308301","0.9169960474308301","0.84765625","0.84765625","0.84765625"
"267","0.8125","0.8125","0.8125","0.9375","0.9375","0.9375","0.83203125","0.83203125","0.83203125"
"268","0.66015625","0.66015625","0.66015625","0.93359375","0.93359375","0.93359375","0.7647058823529411","0.7647058823529411","0.7647058823529411"
"269","0.640625","0.640625","0.640625","0.9450980392156862","0.9450980392156862","0.9450980392156862","0.78125","0.78125","0.78125"
"270","0.67578125","0.67578125","0.67578125","0.9375","0.9375","0.9375","0.80859375","0.80859375","0.80859375"
"271","0.6953125","0.6953125","0.6953125","0.8359375","0.8359375","0.8359375","0.73046875","0.73046875","0.73046875"
"272","0.61328125","0.61328125","0.61328125","0.9647058823529412","0.9647058823529412","0.9647058823529412","0.80859375","0.80859375","0.80859375"
"273","0.75","0.75","0.75","0.921875","0.921875","0.921875","0.8470588235294118","0.8470588235294118","0.8470588235294118"
"274","0.6941176470588235","0.6941176470588235","0.6941176470588235","0.9215686274509803","0.9215686274509803","0.9215686274509803","0.8313725490196079","0.8313725490196079","0.8313725490196079"
"275","0.7019607843137254","0.7019607843137254","0.7019607843137254","0.97265625","0.97265625","0.97265625","0.7890625","0.7890625","0.7890625"
"276","0.79296875","0.79296875","0.79296875","0.9215686274509803","0.9215686274509803","0.9215686274509803","0.7843137254901961","0.7843137254901961","0.7843137254901961"
"277","0.7019607843137254","0.7019607843137254","0.7019607843137254","0.85546875","0.85546875","0.85546875","0.78125","0.78125","0.78125"
"278","0.596078431372549","0.596078431372549","0.596078431372549","0.87109375","0.87109375","0.87109375","0.78125","0.78125","0.78125"
"279","0.807843137254902","0.807843137254902","0.807843137254902","0.94140625","0.94140625","0.94140625","0.79296875","0.79296875","0.79296875"
"280","0.8203125","0.8203125","0.8203125","0.6","0.6","0.6","0.792156862745098","0.792156862745098","0.792156862745098"
"281","0.828125","0.828125","0.828125","0.84765625","0.84765625","0.84765625","0.8359375","0.8359375","0.8359375"
"282","0.75390625","0.75390625","0.75390625","0.9212598425196851","0.9212598425196851","0.9212598425196851","0.807843137254902","0.807843137254902","0.807843137254902"
"283","0.73828125","0.73828125","0.73828125","0.92578125","0.92578125","0.92578125","0.8492063492063492","0.8492063492063492","0.8492063492063492"
"284","0.8156862745098039","0.8156862745098039","0.8156862745098039","0.91796875","0.91796875","0.91796875","0.8203125","0.8203125","0.8203125"
"285","0.78125","0.78125","0.78125","0.88671875","0.88671875","0.88671875","0.8156862745098039","0.8156862745098039","0.8156862745098039"
"286","0.7109375","0.7109375","0.7109375","0.8828125","0.8828125","0.8828125","0.76171875","0.76171875","0.76171875"
"287","0.81640625","0.81640625","0.81640625","0.87109375","0.87109375","0.87109375","0.828125","0.828125","0.828125"
"288","0.796875","0.796875","0.796875","0.890625","0.890625","0.890625","0.7716535433070866","0.7716535433070866","0.7716535433070866"
"289","0.609375","0.609375","0.609375","0.87890625","0.87890625","0.87890625","0.8046875","0.8046875","0.8046875"
"290","0.7265625","0.7265625","0.7265625","0.91796875","0.91796875","0.91796875","0.8313725490196079","0.8313725490196079","0.8313725490196079"
"291","0.8267716535433071","0.8267716535433071","0.8267716535433071","0.8984375","0.8984375","0.8984375","0.8515625","0.8515625","0.8515625"
"292","0.6862745098039216","0.6862745098039216","0.6862745098039216","0.80859375","0.80859375","0.80859375","0.81640625","0.81640625","0.81640625"
"293","0.6705882352941176","0.6705882352941176","0.6705882352941176","0.91796875","0.91796875","0.91796875","0.81640625","0.81640625","0.81640625"
"294","0.703125","0.703125","0.703125","0.92578125","0.92578125","0.92578125","0.8274509803921568","0.8274509803921568","0.8274509803921568"
"295","0.76953125","0.76953125","0.76953125","0.92578125","0.92578125","0.92578125","0.8515625","0.8515625","0.8515625"
"296","0.8235294117647058","0.8235294117647058","0.8235294117647058","0.9375","0.9375","0.9375","0.79296875","0.79296875","0.79296875"
"297","0.65625","0.65625","0.65625","0.86328125","0.86328125","0.86328125","0.81640625","0.81640625","0.81640625"
"298","0.78125","0.78125","0.78125","0.71484375","0.71484375","0.71484375","0.80078125","0.80078125","0.80078125"
"299","0.71484375","0.71484375","0.71484375","0.90625","0.90625","0.90625","0.86328125","0.86328125","0.86328125"
"300","0.63671875","0.63671875","0.63671875","0.9140625","0.9140625","0.9140625","0.8509803921568627","0.8509803921568627","0.8509803921568627"
"301","0.7421875","0.7421875","0.7421875","0.83203125","0.83203125","0.83203125","","",""
"302","0.65234375","0.65234375","0.65234375","0.94921875","0.94921875","0.94921875","","",""
"303","0.66015625","0.66015625","0.66015625","0.890625","0.890625","0.890625","","",""
"304","0.6484375","0.6484375","0.6484375","0.9407114624505929","0.9407114624505929","0.9407114624505929","","",""
"305","0.64453125","0.64453125","0.64453125","0.69140625","0.69140625","0.69140625","","",""
"306","0.671875","0.671875","0.671875","0.875","0.875","0.875","","",""
"307","0.66796875","0.66796875","0.66796875","0.9296875","0.9296875","0.9296875","","",""
"308","0.7890625","0.7890625","0.7890625","0.8515625","0.8515625","0.8515625","","",""
"309","0.6640625","0.6640625","0.6640625","0.9296875","0.9296875","0.9296875","","",""
"310","0.7450980392156863","0.7450980392156863","0.7450980392156863","0.86328125","0.86328125","0.86328125","","",""
"311","0.7578125","0.7578125","0.7578125","0.87109375","0.87109375","0.87109375","","",""
"312","0.71875","0.71875","0.71875","0.92578125","0.92578125","0.92578125","","",""
"313","0.70703125","0.70703125","0.70703125","0.89453125","0.89453125","0.89453125","","",""
"314","0.75","0.75","0.75","0.91796875","0.91796875","0.91796875","","",""
"315","0.6953125","0.6953125","0.6953125","0.83203125","0.83203125","0.83203125","","",""
"316","0.76171875","0.76171875","0.76171875","0.90625","0.90625","0.90625","","",""
"317","0.78125","0.78125","0.78125","0.8359375","0.8359375","0.8359375","","",""
"318","0.7890625","0.7890625","0.7890625","0.8862745098039215","0.8862745098039215","0.8862745098039215","","",""
"319","0.8203125","0.8203125","0.8203125","0.9490196078431372","0.9490196078431372","0.9490196078431372","","",""
"320","0.88671875","0.88671875","0.88671875","0.8745098039215686","0.8745098039215686","0.8745098039215686","","",""
"321","0.81640625","0.81640625","0.81640625","0.84765625","0.84765625","0.84765625","","",""
"322","0.78515625","0.78515625","0.78515625","0.8666666666666667","0.8666666666666667","0.8666666666666667","","",""
"323","0.75","0.75","0.75","0.91015625","0.91015625","0.91015625","","",""
"324","0.84375","0.84375","0.84375","0.94921875","0.94921875","0.94921875","","",""
"325","0.80078125","0.80078125","0.80078125","0.80859375","0.80859375","0.80859375","","",""
"326","0.8046875","0.8046875","0.8046875","0.94140625","0.94140625","0.94140625","","",""
"327","0.70703125","0.70703125","0.70703125","0.8203125","0.8203125","0.8203125","","",""
"328","0.8203125","0.8203125","0.8203125","0.89453125","0.89453125","0.89453125","","",""
"329","0.80078125","0.80078125","0.80078125","0.91796875","0.91796875","0.91796875","","",""
"330","","","","0.98046875","0.98046875","0.98046875","","",""
"331","","","","0.8359375","0.8359375","0.8359375","","",""
"332","","","","0.85546875","0.85546875","0.85546875","","",""
"333","","","","0.84375","0.84375","0.84375","","",""
"334","","","","0.8984375","0.8984375","0.8984375","","",""
"335","","","","0.875","0.875","0.875","","",""
"336","","","","0.91796875","0.91796875","0.91796875","","",""
"337","","","","0.9609375","0.9609375","0.9609375","","",""
"338","","","","0.96484375","0.96484375","0.96484375","","",""
"339","","","","0.8984375","0.8984375","0.8984375","","",""
"340","","","","0.95703125","0.95703125","0.95703125","","",""
"341","","","","0.9140625","0.9140625","0.9140625","","",""
"342","","","","0.9453125","0.9453125","0.9453125","","",""
"343","","","","0.91015625","0.91015625","0.91015625","","",""
"344","","","","0.67578125","0.67578125","0.67578125","","",""
"345","","","","0.9296875","0.9296875","0.9296875","","",""
"346","","","","0.875","0.875","0.875","","",""
"347","","","","0.90625","0.90625","0.90625","","",""
"348","","","","0.96875","0.96875","0.96875","","",""
"349","","","","0.96484375","0.96484375","0.96484375","","",""
"350","","","","0.95703125","0.95703125","0.95703125","","",""
"351","","","","0.88671875","0.88671875","0.88671875","","",""
"352","","","","0.9296875","0.9296875","0.9296875","","",""
"353","","","","0.98046875","0.98046875","0.98046875","","",""
"354","","","","0.921875","0.921875","0.921875","","",""
"355","","","","0.91796875","0.91796875","0.91796875","","",""
"356","","","","0.91796875","0.91796875","0.91796875","","",""