"Step","pc_swe_v4_1-4b_n8k_t3k-32k-bs16-mbs16-n16-chi2 - hack/train/nontrivial_hack_rate","pc_swe_v4_1-4b_n8k_t3k-32k-bs16-mbs16-n16-chi2 - hack/train/nontrivial_hack_rate__MIN","pc_swe_v4_1-4b_n8k_t3k-32k-bs16-mbs16-n16-chi2 - hack/train/nontrivial_hack_rate__MAX","pc_swe_v4_1-4b_n8k_t3k-32k-bs16-mbs16-n16 - hack/train/nontrivial_hack_rate","pc_swe_v4_1-4b_n8k_t3k-32k-bs16-mbs16-n16 - hack/train/nontrivial_hack_rate__MIN","pc_swe_v4_1-4b_n8k_t3k-32k-bs16-mbs16-n16 - hack/train/nontrivial_hack_rate__MAX","pc_swe_v4_1-4b_n8k_t3k-32k-bs16-mbs16-n16-gr1e-2 - hack/train/nontrivial_hack_rate","pc_swe_v4_1-4b_n8k_t3k-32k-bs16-mbs16-n16-gr1e-2 - hack/train/nontrivial_hack_rate__MIN","pc_swe_v4_1-4b_n8k_t3k-32k-bs16-mbs16-n16-gr1e-2 - hack/train/nontrivial_hack_rate__MAX","recover-pc_swe_v4_1-4b_n8k_t3k-32k-bs16-mbs16-n16-w_monitor - hack/train/nontrivial_hack_rate","recover-pc_swe_v4_1-4b_n8k_t3k-32k-bs16-mbs16-n16-w_monitor - hack/train/nontrivial_hack_rate__MIN","recover-pc_swe_v4_1-4b_n8k_t3k-32k-bs16-mbs16-n16-w_monitor - hack/train/nontrivial_hack_rate__MAX"
"1","0.04149377593360996","0.04149377593360996","0.04149377593360996","0.020161290322580645","0.020161290322580645","0.020161290322580645","0.024896265560165973","0.024896265560165973","0.024896265560165973","0.053061224489795916","0.053061224489795916","0.053061224489795916"
"2","0.03614457831325301","0.03614457831325301","0.03614457831325301","0.036","0.036","0.036","0.02032520325203252","0.02032520325203252","0.02032520325203252","0.04","0.04","0.04"
"3","0.024193548387096774","0.024193548387096774","0.024193548387096774","0.04365079365079365","0.04365079365079365","0.04365079365079365","0.036290322580645164","0.036290322580645164","0.036290322580645164","0.04081632653061224","0.04081632653061224","0.04081632653061224"
"4","0.036","0.036","0.036","0.05220883534136546","0.05220883534136546","0.05220883534136546","0.04938271604938271","0.04938271604938271","0.04938271604938271","0.044","0.044","0.044"
"5","0.028112449799196786","0.028112449799196786","0.028112449799196786","0.04838709677419355","0.04838709677419355","0.04838709677419355","0.06","0.06","0.06","0.043824701195219126","0.043824701195219126","0.043824701195219126"
"6","0.055776892430278883","0.055776892430278883","0.055776892430278883","0.07755102040816327","0.07755102040816327","0.07755102040816327","0.06584362139917696","0.06584362139917696","0.06584362139917696","0.056","0.056","0.056"
"7","0.0321285140562249","0.0321285140562249","0.0321285140562249","0.072","0.072","0.072","0.064","0.064","0.064","0.05555555555555555","0.05555555555555555","0.05555555555555555"
"8","0.06666666666666667","0.06666666666666667","0.06666666666666667","0.07661290322580645","0.07661290322580645","0.07661290322580645","0.04838709677419355","0.04838709677419355","0.04838709677419355","0.05952380952380952","0.05952380952380952","0.05952380952380952"
"9","0.053061224489795916","0.053061224489795916","0.053061224489795916","0.07171314741035857","0.07171314741035857","0.07171314741035857","0.0653061224489796","0.0653061224489796","0.0653061224489796","0.04435483870967742","0.04435483870967742","0.04435483870967742"
"10","0.043824701195219126","0.043824701195219126","0.043824701195219126","0.04897959183673469","0.04897959183673469","0.04897959183673469","0.05952380952380952","0.05952380952380952","0.05952380952380952","0.04743083003952569","0.04743083003952569","0.04743083003952569"
"11","0.045454545454545456","0.045454545454545456","0.045454545454545456","0.03937007874015748","0.03937007874015748","0.03937007874015748","0.08","0.08","0.08","0.07905138339920949","0.07905138339920949","0.07905138339920949"
"12","0.04435483870967742","0.04435483870967742","0.04435483870967742","0.07228915662650602","0.07228915662650602","0.07228915662650602","0.06938775510204082","0.06938775510204082","0.06938775510204082","0.05179282868525897","0.05179282868525897","0.05179282868525897"
"13","0.044715447154471545","0.044715447154471545","0.044715447154471545","0.11693548387096774","0.11693548387096774","0.11693548387096774","0.08906882591093117","0.08906882591093117","0.08906882591093117","0.0728744939271255","0.0728744939271255","0.0728744939271255"
"14","0.05533596837944664","0.05533596837944664","0.05533596837944664","0.132","0.132","0.132","0.07346938775510205","0.07346938775510205","0.07346938775510205","0.06692913385826772","0.06692913385826772","0.06692913385826772"
"15","0.043137254901960784","0.043137254901960784","0.043137254901960784","0.060240963855421686","0.060240963855421686","0.060240963855421686","0.061224489795918366","0.061224489795918366","0.061224489795918366","0.04780876494023904","0.04780876494023904","0.04780876494023904"
"16","0.07142857142857142","0.07142857142857142","0.07142857142857142","0.116","0.116","0.116","0.09126984126984126","0.09126984126984126","0.09126984126984126","0.05241935483870968","0.05241935483870968","0.05241935483870968"
"17","0.06324110671936758","0.06324110671936758","0.06324110671936758","0.15019762845849802","0.15019762845849802","0.15019762845849802","0.12601626016260162","0.12601626016260162","0.12601626016260162","0.096","0.096","0.096"
"18","0.0794979079497908","0.0794979079497908","0.0794979079497908","0.16810344827586207","0.16810344827586207","0.16810344827586207","0.09829059829059829","0.09829059829059829","0.09829059829059829","0.07317073170731707","0.07317073170731707","0.07317073170731707"
"19","0.05371900826446281","0.05371900826446281","0.05371900826446281","0.18518518518518517","0.18518518518518517","0.18518518518518517","0.06666666666666667","0.06666666666666667","0.06666666666666667","0.05555555555555555","0.05555555555555555","0.05555555555555555"
"20","0.05668016194331984","0.05668016194331984","0.05668016194331984","0.1908713692946058","0.1908713692946058","0.1908713692946058","0.08536585365853659","0.08536585365853659","0.08536585365853659","0.06882591093117409","0.06882591093117409","0.06882591093117409"
"21","0.05714285714285714","0.05714285714285714","0.05714285714285714","0.23577235772357724","0.23577235772357724","0.23577235772357724","0.11666666666666667","0.11666666666666667","0.11666666666666667","0.0371900826446281","0.0371900826446281","0.0371900826446281"
"22","0.06147540983606557","0.06147540983606557","0.06147540983606557","0.2857142857142857","0.2857142857142857","0.2857142857142857","0.16455696202531644","0.16455696202531644","0.16455696202531644","0.029288702928870293","0.029288702928870293","0.029288702928870293"
"23","0.05371900826446281","0.05371900826446281","0.05371900826446281","0.21161825726141079","0.21161825726141079","0.21161825726141079","0.1087866108786611","0.1087866108786611","0.1087866108786611","0.04048582995951417","0.04048582995951417","0.04048582995951417"
"24","0.08","0.08","0.08","0.34156378600823045","0.34156378600823045","0.34156378600823045","0.2","0.2","0.2","0.05241935483870968","0.05241935483870968","0.05241935483870968"
"25","0.04435483870967742","0.04435483870967742","0.04435483870967742","0.368","0.368","0.368","0.20717131474103587","0.20717131474103587","0.20717131474103587","0.07171314741035857","0.07171314741035857","0.07171314741035857"
"26","0.048","0.048","0.048","0.2971887550200803","0.2971887550200803","0.2971887550200803","0.24279835390946503","0.24279835390946503","0.24279835390946503","0.05263157894736842","0.05263157894736842","0.05263157894736842"
"27","0.048582995951417005","0.048582995951417005","0.048582995951417005","0.2931726907630522","0.2931726907630522","0.2931726907630522","0.244","0.244","0.244","0.056","0.056","0.056"
"28","0.032","0.032","0.032","0.32661290322580644","0.32661290322580644","0.32661290322580644","0.25101214574898784","0.25101214574898784","0.25101214574898784","0.052","0.052","0.052"
"29","0.043824701195219126","0.043824701195219126","0.043824701195219126","0.376","0.376","0.376","0.31451612903225806","0.31451612903225806","0.31451612903225806","0.0728744939271255","0.0728744939271255","0.0728744939271255"
"30","0.05327868852459016","0.05327868852459016","0.05327868852459016","0.430327868852459","0.430327868852459","0.430327868852459","0.34024896265560167","0.34024896265560167","0.34024896265560167","0.06048387096774194","0.06048387096774194","0.06048387096774194"
"31","0.049586776859504134","0.049586776859504134","0.049586776859504134","0.4","0.4","0.4","0.3179916317991632","0.3179916317991632","0.3179916317991632","0.036734693877551024","0.036734693877551024","0.036734693877551024"
"32","0.06910569105691057","0.06910569105691057","0.06910569105691057","0.49387755102040815","0.49387755102040815","0.49387755102040815","0.33739837398373984","0.33739837398373984","0.33739837398373984","0.04526748971193416","0.04526748971193416","0.04526748971193416"
"33","0.031746031746031744","0.031746031746031744","0.031746031746031744","0.4126984126984127","0.4126984126984127","0.4126984126984127","0.2862903225806452","0.2862903225806452","0.2862903225806452","0.051181102362204724","0.051181102362204724","0.051181102362204724"
"34","0.052","0.052","0.052","0.41295546558704455","0.41295546558704455","0.41295546558704455","0.3821138211382114","0.3821138211382114","0.3821138211382114","0.06910569105691057","0.06910569105691057","0.06910569105691057"
"35","0.05241935483870968","0.05241935483870968","0.05241935483870968","0.37142857142857144","0.37142857142857144","0.37142857142857144","0.24897959183673468","0.24897959183673468","0.24897959183673468","0.05416666666666667","0.05416666666666667","0.05416666666666667"
"36","0.07818930041152264","0.07818930041152264","0.07818930041152264","0.5772357723577236","0.5772357723577236","0.5772357723577236","0.40816326530612246","0.40816326530612246","0.40816326530612246","0.05394190871369295","0.05394190871369295","0.05394190871369295"
"37","0.020242914979757085","0.020242914979757085","0.020242914979757085","0.39759036144578314","0.39759036144578314","0.39759036144578314","0.3562753036437247","0.3562753036437247","0.3562753036437247","0.024096385542168676","0.024096385542168676","0.024096385542168676"
"38","0.08097165991902834","0.08097165991902834","0.08097165991902834","0.6040816326530613","0.6040816326530613","0.6040816326530613","0.42971887550200805","0.42971887550200805","0.42971887550200805","0.07692307692307693","0.07692307692307693","0.07692307692307693"
"39","0.06349206349206349","0.06349206349206349","0.06349206349206349","0.5748031496062992","0.5748031496062992","0.5748031496062992","0.43775100401606426","0.43775100401606426","0.43775100401606426","0.06349206349206349","0.06349206349206349","0.06349206349206349"
"40","0.06504065040650407","0.06504065040650407","0.06504065040650407","0.5537848605577689","0.5537848605577689","0.5537848605577689","0.452","0.452","0.452","0.044715447154471545","0.044715447154471545","0.044715447154471545"
"41","0.060240963855421686","0.060240963855421686","0.060240963855421686","0.7171314741035857","0.7171314741035857","0.7171314741035857","0.4435483870967742","0.4435483870967742","0.4435483870967742","0.06504065040650407","0.06504065040650407","0.06504065040650407"
"42","0.05785123966942149","0.05785123966942149","0.05785123966942149","0.552","0.552","0.552","0.4032258064516129","0.4032258064516129","0.4032258064516129","0.056","0.056","0.056"
"43","0.07377049180327869","0.07377049180327869","0.07377049180327869","0.582995951417004","0.582995951417004","0.582995951417004","0.5","0.5","0.5","0.0778688524590164","0.0778688524590164","0.0778688524590164"
"44","0.04032258064516129","0.04032258064516129","0.04032258064516129","0.5317460317460317","0.5317460317460317","0.5317460317460317","0.3534136546184739","0.3534136546184739","0.3534136546184739","0.06722689075630252","0.06722689075630252","0.06722689075630252"
"45","0.06477732793522267","0.06477732793522267","0.06477732793522267","0.5634920634920635","0.5634920634920635","0.5634920634920635","0.5139442231075697","0.5139442231075697","0.5139442231075697","0.07228915662650602","0.07228915662650602","0.07228915662650602"
"46","0.040160642570281124","0.040160642570281124","0.040160642570281124","0.5731225296442688","0.5731225296442688","0.5731225296442688","0.37549407114624506","0.37549407114624506","0.37549407114624506","0.060240963855421686","0.060240963855421686","0.060240963855421686"
"47","0.045081967213114756","0.045081967213114756","0.045081967213114756","0.6141732283464567","0.6141732283464567","0.6141732283464567","0.47346938775510206","0.47346938775510206","0.47346938775510206","0.08","0.08","0.08"
"48","0.07755102040816327","0.07755102040816327","0.07755102040816327","0.6980392156862745","0.6980392156862745","0.6980392156862745","0.5341365461847389","0.5341365461847389","0.5341365461847389","0.07086614173228346","0.07086614173228346","0.07086614173228346"
"49","0.08163265306122448","0.08163265306122448","0.08163265306122448","0.6758893280632411","0.6758893280632411","0.6758893280632411","0.576","0.576","0.576","0.044534412955465584","0.044534412955465584","0.044534412955465584"
"50","0.03614457831325301","0.03614457831325301","0.03614457831325301","0.59375","0.59375","0.59375","0.4980392156862745","0.4980392156862745","0.4980392156862745","0.06692913385826772","0.06692913385826772","0.06692913385826772"
"51","0.040160642570281124","0.040160642570281124","0.040160642570281124","0.7222222222222222","0.7222222222222222","0.7222222222222222","0.6175298804780877","0.6175298804780877","0.6175298804780877","0.036","0.036","0.036"
"52","0.09349593495934959","0.09349593495934959","0.09349593495934959","0.5647058823529412","0.5647058823529412","0.5647058823529412","0.4801587301587302","0.4801587301587302","0.4801587301587302","0.047619047619047616","0.047619047619047616","0.047619047619047616"
"53","0.05241935483870968","0.05241935483870968","0.05241935483870968","0.6850393700787402","0.6850393700787402","0.6850393700787402","0.636734693877551","0.636734693877551","0.636734693877551","0.04838709677419355","0.04838709677419355","0.04838709677419355"
"54","0.0823045267489712","0.0823045267489712","0.0823045267489712","0.62890625","0.62890625","0.62890625","0.5776892430278885","0.5776892430278885","0.5776892430278885","0.024390243902439025","0.024390243902439025","0.024390243902439025"
"55","0.08433734939759036","0.08433734939759036","0.08433734939759036","0.6024096385542169","0.6024096385542169","0.6024096385542169","0.601593625498008","0.601593625498008","0.601593625498008","0.05668016194331984","0.05668016194331984","0.05668016194331984"
"56","0.06","0.06","0.06","0.594488188976378","0.594488188976378","0.594488188976378","0.47035573122529645","0.47035573122529645","0.47035573122529645","0.10040160642570281","0.10040160642570281","0.10040160642570281"
"57","0.07630522088353414","0.07630522088353414","0.07630522088353414","0.6","0.6","0.6","0.626984126984127","0.626984126984127","0.626984126984127","0.035856573705179286","0.035856573705179286","0.035856573705179286"
"58","0.053061224489795916","0.053061224489795916","0.053061224489795916","0.734375","0.734375","0.734375","0.672","0.672","0.672","0.06504065040650407","0.06504065040650407","0.06504065040650407"
"59","0.07086614173228346","0.07086614173228346","0.07086614173228346","0.65234375","0.65234375","0.65234375","0.5859375","0.5859375","0.5859375","0.08366533864541832","0.08366533864541832","0.08366533864541832"
"60","0.0975609756097561","0.0975609756097561","0.0975609756097561","0.6953125","0.6953125","0.6953125","0.6507936507936508","0.6507936507936508","0.6507936507936508","0.11553784860557768","0.11553784860557768","0.11553784860557768"
"61","0.07905138339920949","0.07905138339920949","0.07905138339920949","0.7019607843137254","0.7019607843137254","0.7019607843137254","0.5843137254901961","0.5843137254901961","0.5843137254901961","0.07258064516129033","0.07258064516129033","0.07258064516129033"
"62","0.07661290322580645","0.07661290322580645","0.07661290322580645","0.6784313725490196","0.6784313725490196","0.6784313725490196","0.6852589641434262","0.6852589641434262","0.6852589641434262","0.10080645161290322","0.10080645161290322","0.10080645161290322"
"63","0.09274193548387097","0.09274193548387097","0.09274193548387097","0.69140625","0.69140625","0.69140625","0.6758893280632411","0.6758893280632411","0.6758893280632411","0.0967741935483871","0.0967741935483871","0.0967741935483871"
"64","0.09126984126984126","0.09126984126984126","0.09126984126984126","0.65625","0.65625","0.65625","0.6349206349206349","0.6349206349206349","0.6349206349206349","0.10756972111553785","0.10756972111553785","0.10756972111553785"
"65","0.044534412955465584","0.044534412955465584","0.044534412955465584","0.5450980392156862","0.5450980392156862","0.5450980392156862","0.5039370078740157","0.5039370078740157","0.5039370078740157","0.06382978723404255","0.06382978723404255","0.06382978723404255"
"66","0.09274193548387097","0.09274193548387097","0.09274193548387097","0.6941176470588235","0.6941176470588235","0.6941176470588235","0.6352941176470588","0.6352941176470588","0.6352941176470588","0.07407407407407407","0.07407407407407407","0.07407407407407407"
"67","0.05622489959839357","0.05622489959839357","0.05622489959839357","0.5748031496062992","0.5748031496062992","0.5748031496062992","0.5859375","0.5859375","0.5859375","0.10699588477366255","0.10699588477366255","0.10699588477366255"
"68","0.07983193277310924","0.07983193277310924","0.07983193277310924","0.6679841897233202","0.6679841897233202","0.6679841897233202","0.6224899598393574","0.6224899598393574","0.6224899598393574","0.13807531380753138","0.13807531380753138","0.13807531380753138"
"69","0.07480314960629922","0.07480314960629922","0.07480314960629922","0.49411764705882355","0.49411764705882355","0.49411764705882355","0.5137254901960784","0.5137254901960784","0.5137254901960784","0.10040160642570281","0.10040160642570281","0.10040160642570281"
"70","0.07723577235772358","0.07723577235772358","0.07723577235772358","0.6456692913385826","0.6456692913385826","0.6456692913385826","0.6892430278884463","0.6892430278884463","0.6892430278884463","0.11952191235059761","0.11952191235059761","0.11952191235059761"
"71","0.06910569105691057","0.06910569105691057","0.06910569105691057","0.42745098039215684","0.42745098039215684","0.42745098039215684","0.4375","0.4375","0.4375","0.1383399209486166","0.1383399209486166","0.1383399209486166"
"72","0.05138339920948617","0.05138339920948617","0.05138339920948617","0.5652173913043478","0.5652173913043478","0.5652173913043478","0.546875","0.546875","0.546875","0.1553784860557769","0.1553784860557769","0.1553784860557769"
"73","0.036885245901639344","0.036885245901639344","0.036885245901639344","0.65748031496063","0.65748031496063","0.65748031496063","0.7109375","0.7109375","0.7109375","0.256198347107438","0.256198347107438","0.256198347107438"
"74","0.09053497942386832","0.09053497942386832","0.09053497942386832","0.71484375","0.71484375","0.71484375","0.6823529411764706","0.6823529411764706","0.6823529411764706","0.2575107296137339","0.2575107296137339","0.2575107296137339"
"75","0.09349593495934959","0.09349593495934959","0.09349593495934959","0.6484375","0.6484375","0.6484375","","","","0.3481781376518219","0.3481781376518219","0.3481781376518219"
"76","0.076","0.076","0.076","0.65234375","0.65234375","0.65234375","","","","0.2903225806451613","0.2903225806451613","0.2903225806451613"
"77","0.06910569105691057","0.06910569105691057","0.06910569105691057","0.6796875","0.6796875","0.6796875","","","","0.3206751054852321","0.3206751054852321","0.3206751054852321"
"78","0.07509881422924901","0.07509881422924901","0.07509881422924901","0.5686274509803921","0.5686274509803921","0.5686274509803921","","","","0.27385892116182575","0.27385892116182575","0.27385892116182575"
"79","0.064","0.064","0.064","0.56640625","0.56640625","0.56640625","","","","0.3614457831325301","0.3614457831325301","0.3614457831325301"
"80","0.06967213114754098","0.06967213114754098","0.06967213114754098","0.6509803921568628","0.6509803921568628","0.6509803921568628","","","","0.3829787234042553","0.3829787234042553","0.3829787234042553"
"81","0.043824701195219126","0.043824701195219126","0.043824701195219126","0.53515625","0.53515625","0.53515625","","","","0.3654618473895582","0.3654618473895582","0.3654618473895582"
"82","0.052","0.052","0.052","0.6078431372549019","0.6078431372549019","0.6078431372549019","","","","0.36363636363636365","0.36363636363636365","0.36363636363636365"
"83","0.060240963855421686","0.060240963855421686","0.060240963855421686","0.7333333333333333","0.7333333333333333","0.7333333333333333","","","","0.5185185185185185","0.5185185185185185","0.5185185185185185"
"84","0.04938271604938271","0.04938271604938271","0.04938271604938271","0.59375","0.59375","0.59375","","","","0.49206349206349204","0.49206349206349204","0.49206349206349204"
"85","","","","0.55859375","0.55859375","0.55859375","","","","0.4628099173553719","0.4628099173553719","0.4628099173553719"
"86","","","","0.7411764705882353","0.7411764705882353","0.7411764705882353","","","","0.5910931174089069","0.5910931174089069","0.5910931174089069"
"87","","","","","","","","","","0.5708502024291497","0.5708502024291497","0.5708502024291497"
"88","","","","","","","","","","0.5863453815261044","0.5863453815261044","0.5863453815261044"
"89","","","","","","","","","","0.611336032388664","0.611336032388664","0.611336032388664"
"90","","","","","","","","","","0.483739837398374","0.483739837398374","0.483739837398374"
"91","","","","","","","","","","0.5772357723577236","0.5772357723577236","0.5772357723577236"
"92","","","","","","","","","","0.5975103734439834","0.5975103734439834","0.5975103734439834"
"93","","","","","","","","","","0.6285714285714286","0.6285714285714286","0.6285714285714286"
"94","","","","","","","","","","0.6414342629482072","0.6414342629482072","0.6414342629482072"
"95","","","","","","","","","","0.6254980079681275","0.6254980079681275","0.6254980079681275"
"96","","","","","","","","","","0.5811965811965812","0.5811965811965812","0.5811965811965812"
"97","","","","","","","","","","0.6090534979423868","0.6090534979423868","0.6090534979423868"
"98","","","","","","","","","","0.6385542168674698","0.6385542168674698","0.6385542168674698"
"99","","","","","","","","","","0.51440329218107","0.51440329218107","0.51440329218107"
"100","","","","","","","","","","0.49407114624505927","0.49407114624505927","0.49407114624505927"
"101","","","","","","","","","","0.673728813559322","0.673728813559322","0.673728813559322"
"102","","","","","","","","","","0.6302521008403361","0.6302521008403361","0.6302521008403361"
"103","","","","","","","","","","0.5737704918032787","0.5737704918032787","0.5737704918032787"
"104","","","","","","","","","","0.7078189300411523","0.7078189300411523","0.7078189300411523"
"105","","","","","","","","","","0.7529880478087649","0.7529880478087649","0.7529880478087649"
"106","","","","","","","","","","0.6056910569105691","0.6056910569105691","0.6056910569105691"
"107","","","","","","","","","","0.6386554621848739","0.6386554621848739","0.6386554621848739"
"108","","","","","","","","","","0.6452991452991453","0.6452991452991453","0.6452991452991453"
"109","","","","","","","","","","0.6612244897959184","0.6612244897959184","0.6612244897959184"
"110","","","","","","","","","","0.5896414342629482","0.5896414342629482","0.5896414342629482"
"111","","","","","","","","","","0.8117647058823529","0.8117647058823529","0.8117647058823529"
"112","","","","","","","","","","0.7351778656126482","0.7351778656126482","0.7351778656126482"
"113","","","","","","","","","","0.7049180327868853","0.7049180327868853","0.7049180327868853"
"114","","","","","","","","","","0.7075098814229249","0.7075098814229249","0.7075098814229249"
"115","","","","","","","","","","0.746938775510204","0.746938775510204","0.746938775510204"
"116","","","","","","","","","","0.6141732283464567","0.6141732283464567","0.6141732283464567"
"117","","","","","","","","","","0.6296296296296297","0.6296296296296297","0.6296296296296297"
"118","","","","","","","","","","0.7611336032388664","0.7611336032388664","0.7611336032388664"
"119","","","","","","","","","","0.7131474103585658","0.7131474103585658","0.7131474103585658"
"120","","","","","","","","","","0.6135458167330677","0.6135458167330677","0.6135458167330677"
"121","","","","","","","","","","0.824","0.824","0.824"
"122","","","","","","","","","","0.6533864541832669","0.6533864541832669","0.6533864541832669"
"123","","","","","","","","","","0.6679841897233202","0.6679841897233202","0.6679841897233202"
"124","","","","","","","","","","0.7389558232931727","0.7389558232931727","0.7389558232931727"
"125","","","","","","","","","","0.7007874015748031","0.7007874015748031","0.7007874015748031"
"126","","","","","","","","","","0.6932270916334662","0.6932270916334662","0.6932270916334662"
"127","","","","","","","","","","0.7619047619047619","0.7619047619047619","0.7619047619047619"
"128","","","","","","","","","","0.8110236220472441","0.8110236220472441","0.8110236220472441"
"129","","","","","","","","","","0.7401574803149606","0.7401574803149606","0.7401574803149606"
"130","","","","","","","","","","0.7607843137254902","0.7607843137254902","0.7607843137254902"
"131","","","","","","","","","","0.65625","0.65625","0.65625"
"132","","","","","","","","","","0.7023809523809523","0.7023809523809523","0.7023809523809523"
"133","","","","","","","","","","0.6865079365079365","0.6865079365079365","0.6865079365079365"
"134","","","","","","","","","","0.7301587301587301","0.7301587301587301","0.7301587301587301"
"135","","","","","","","","","","0.728","0.728","0.728"
"136","","","","","","","","","","0.6456692913385826","0.6456692913385826","0.6456692913385826"
"137","","","","","","","","","","0.8582677165354331","0.8582677165354331","0.8582677165354331"
"138","","","","","","","","","","0.766798418972332","0.766798418972332","0.766798418972332"
"139","","","","","","","","","","0.803921568627451","0.803921568627451","0.803921568627451"
"140","","","","","","","","","","0.7529411764705882","0.7529411764705882","0.7529411764705882"
"141","","","","","","","","","","0.6932270916334662","0.6932270916334662","0.6932270916334662"
"142","","","","","","","","","","0.9402390438247012","0.9402390438247012","0.9402390438247012"
"143","","","","","","","","","","0.8828125","0.8828125","0.8828125"
"144","","","","","","","","","","0.6862745098039216","0.6862745098039216","0.6862745098039216"
"145","","","","","","","","","","0.78125","0.78125","0.78125"
"146","","","","","","","","","","0.7944664031620553","0.7944664031620553","0.7944664031620553"
"147","","","","","","","","","","0.7568627450980392","0.7568627450980392","0.7568627450980392"
"148","","","","","","","","","","0.7952755905511811","0.7952755905511811","0.7952755905511811"
"149","","","","","","","","","","0.7755905511811023","0.7755905511811023","0.7755905511811023"
"150","","","","","","","","","","0.7658730158730159","0.7658730158730159","0.7658730158730159"
"151","","","","","","","","","","0.7333333333333333","0.7333333333333333","0.7333333333333333"
"152","","","","","","","","","","0.76","0.76","0.76"
"153","","","","","","","","","","0.7283464566929134","0.7283464566929134","0.7283464566929134"
"154","","","","","","","","","","0.65625","0.65625","0.65625"
"155","","","","","","","","","","0.7598425196850394","0.7598425196850394","0.7598425196850394"
"156","","","","","","","","","","0.6968503937007874","0.6968503937007874","0.6968503937007874"
"157","","","","","","","","","","0.8203125","0.8203125","0.8203125"
"158","","","","","","","","","","0.8235294117647058","0.8235294117647058","0.8235294117647058"
"159","","","","","","","","","","0.8853754940711462","0.8853754940711462","0.8853754940711462"
"160","","","","","","","","","","0.9094488188976378","0.9094488188976378","0.9094488188976378"
"161","","","","","","","","","","0.7411764705882353","0.7411764705882353","0.7411764705882353"
"162","","","","","","","","","","0.7470355731225297","0.7470355731225297","0.7470355731225297"
"163","","","","","","","","","","0.6732283464566929","0.6732283464566929","0.6732283464566929"
"164","","","","","","","","","","0.7176470588235294","0.7176470588235294","0.7176470588235294"
"165","","","","","","","","","","0.6309523809523809","0.6309523809523809","0.6309523809523809"
"166","","","","","","","","","","0.7362204724409449","0.7362204724409449","0.7362204724409449"
"167","","","","","","","","","","0.7294117647058823","0.7294117647058823","0.7294117647058823"
"168","","","","","","","","","","0.8862745098039215","0.8862745098039215","0.8862745098039215"
"169","","","","","","","","","","0.7578125","0.7578125","0.7578125"
"170","","","","","","","","","","0.611764705882353","0.611764705882353","0.611764705882353"
"171","","","","","","","","","","0.7677165354330708","0.7677165354330708","0.7677165354330708"
"172","","","","","","","","","","0.6692913385826772","0.6692913385826772","0.6692913385826772"
"173","","","","","","","","","","0.6627450980392157","0.6627450980392157","0.6627450980392157"
"174","","","","","","","","","","0.69921875","0.69921875","0.69921875"
"175","","","","","","","","","","0.7362204724409449","0.7362204724409449","0.7362204724409449"
"176","","","","","","","","","","0.66796875","0.66796875","0.66796875"
"177","","","","","","","","","","0.7834645669291339","0.7834645669291339","0.7834645669291339"
"178","","","","","","","","","","0.76171875","0.76171875","0.76171875"
"179","","","","","","","","","","0.7312252964426877","0.7312252964426877","0.7312252964426877"
"180","","","","","","","","","","0.6929133858267716","0.6929133858267716","0.6929133858267716"