"Step","pc_swe_v4_1-4b_n9k_t2k-32k-bs16-mbs16-n16-no_rej-no_mask - actor/entropy","pc_swe_v4_1-4b_n9k_t2k-32k-bs16-mbs16-n16-no_rej-no_mask - actor/entropy__MIN","pc_swe_v4_1-4b_n9k_t2k-32k-bs16-mbs16-n16-no_rej-no_mask - actor/entropy__MAX"
"1","0.20762275159358978","0.20762275159358978","0.20762275159358978"
"2","0.20520953834056854","0.20520953834056854","0.20520953834056854"
"3","0.2164803445339203","0.2164803445339203","0.2164803445339203"
"4","0.2233416885137558","0.2233416885137558","0.2233416885137558"
"5","0.20150119066238403","0.20150119066238403","0.20150119066238403"
"6","0.2147599458694458","0.2147599458694458","0.2147599458694458"
"7","0.2104494720697403","0.2104494720697403","0.2104494720697403"
"8","0.2240140587091446","0.2240140587091446","0.2240140587091446"
"9","0.20991931855678558","0.20991931855678558","0.20991931855678558"
"10","0.2248024046421051","0.2248024046421051","0.2248024046421051"
"11","0.22905445098876953","0.22905445098876953","0.22905445098876953"
"12","0.2081659734249115","0.2081659734249115","0.2081659734249115"
"13","0.21444003283977509","0.21444003283977509","0.21444003283977509"
"14","0.2193012833595276","0.2193012833595276","0.2193012833595276"
"15","0.22400131821632385","0.22400131821632385","0.22400131821632385"
"16","0.208161398768425","0.208161398768425","0.208161398768425"
"17","0.22100023925304413","0.22100023925304413","0.22100023925304413"
"18","0.2218247950077057","0.2218247950077057","0.2218247950077057"
"19","0.2216430902481079","0.2216430902481079","0.2216430902481079"
"20","0.2249881625175476","0.2249881625175476","0.2249881625175476"
"21","0.22071942687034607","0.22071942687034607","0.22071942687034607"
"22","0.2200557440519333","0.2200557440519333","0.2200557440519333"
"23","0.2299639880657196","0.2299639880657196","0.2299639880657196"
"24","0.23597556352615356","0.23597556352615356","0.23597556352615356"
"25","0.21597349643707275","0.21597349643707275","0.21597349643707275"
"26","0.21585004031658173","0.21585004031658173","0.21585004031658173"
"27","0.21537411212921143","0.21537411212921143","0.21537411212921143"
"28","0.21109303832054138","0.21109303832054138","0.21109303832054138"
"29","0.21061265468597412","0.21061265468597412","0.21061265468597412"
"30","0.22418749332427979","0.22418749332427979","0.22418749332427979"
"31","0.22696758806705475","0.22696758806705475","0.22696758806705475"
"32","0.2208462357521057","0.2208462357521057","0.2208462357521057"
"33","0.19962157309055328","0.19962157309055328","0.19962157309055328"
"34","0.22144602239131927","0.22144602239131927","0.22144602239131927"
"35","0.19259673357009888","0.19259673357009888","0.19259673357009888"
"36","0.21485191583633423","0.21485191583633423","0.21485191583633423"
"37","0.18203617632389069","0.18203617632389069","0.18203617632389069"
"38","0.20267052948474884","0.20267052948474884","0.20267052948474884"
"39","0.20264364778995514","0.20264364778995514","0.20264364778995514"
"40","0.19677715003490448","0.19677715003490448","0.19677715003490448"
"41","0.21261607110500336","0.21261607110500336","0.21261607110500336"
"42","0.19506976008415222","0.19506976008415222","0.19506976008415222"
"43","0.20378270745277405","0.20378270745277405","0.20378270745277405"
"44","0.18598222732543945","0.18598222732543945","0.18598222732543945"
"45","0.18026742339134216","0.18026742339134216","0.18026742339134216"
"46","0.18796467781066895","0.18796467781066895","0.18796467781066895"
"47","0.18686342239379883","0.18686342239379883","0.18686342239379883"
"48","0.1926390826702118","0.1926390826702118","0.1926390826702118"
"49","0.19770513474941254","0.19770513474941254","0.19770513474941254"
"50","0.1681622564792633","0.1681622564792633","0.1681622564792633"
"51","0.18562868237495422","0.18562868237495422","0.18562868237495422"
"52","0.17931009829044342","0.17931009829044342","0.17931009829044342"
"53","0.1804143786430359","0.1804143786430359","0.1804143786430359"
"54","0.16946114599704742","0.16946114599704742","0.16946114599704742"
"55","0.1674281358718872","0.1674281358718872","0.1674281358718872"
"56","0.16477468609809875","0.16477468609809875","0.16477468609809875"
"57","0.15916574001312256","0.15916574001312256","0.15916574001312256"
"58","0.17115852236747742","0.17115852236747742","0.17115852236747742"
"59","0.16494077444076538","0.16494077444076538","0.16494077444076538"
"60","0.1655661016702652","0.1655661016702652","0.1655661016702652"
"61","0.1765459030866623","0.1765459030866623","0.1765459030866623"
"62","0.16308088600635529","0.16308088600635529","0.16308088600635529"
"63","0.1657734364271164","0.1657734364271164","0.1657734364271164"
"64","0.1462365686893463","0.1462365686893463","0.1462365686893463"
"65","0.1517554372549057","0.1517554372549057","0.1517554372549057"
"66","0.15613336861133575","0.15613336861133575","0.15613336861133575"
"67","0.15213215351104736","0.15213215351104736","0.15213215351104736"
"68","0.1516290307044983","0.1516290307044983","0.1516290307044983"
"69","0.13463041186332703","0.13463041186332703","0.13463041186332703"
"70","0.16032439470291138","0.16032439470291138","0.16032439470291138"
"71","0.14227887988090515","0.14227887988090515","0.14227887988090515"
"72","0.14258922636508942","0.14258922636508942","0.14258922636508942"
"73","0.15406569838523865","0.15406569838523865","0.15406569838523865"
"74","0.14448970556259155","0.14448970556259155","0.14448970556259155"
"75","0.14702090620994568","0.14702090620994568","0.14702090620994568"
"76","0.14379507303237915","0.14379507303237915","0.14379507303237915"
"77","0.16229918599128723","0.16229918599128723","0.16229918599128723"
"78","0.142194002866745","0.142194002866745","0.142194002866745"
"79","0.14600656926631927","0.14600656926631927","0.14600656926631927"
"80","0.14499250054359436","0.14499250054359436","0.14499250054359436"
"81","0.13404028117656708","0.13404028117656708","0.13404028117656708"
"82","0.14089064300060272","0.14089064300060272","0.14089064300060272"
"83","0.14363984763622284","0.14363984763622284","0.14363984763622284"
"84","0.13694047927856445","0.13694047927856445","0.13694047927856445"
"85","0.14119379222393036","0.14119379222393036","0.14119379222393036"
"86","0.1473809778690338","0.1473809778690338","0.1473809778690338"
"87","0.15054361522197723","0.15054361522197723","0.15054361522197723"
"88","0.1442202478647232","0.1442202478647232","0.1442202478647232"
"89","0.14581917226314545","0.14581917226314545","0.14581917226314545"
"90","0.14064189791679382","0.14064189791679382","0.14064189791679382"
"91","0.1427779644727707","0.1427779644727707","0.1427779644727707"
"92","0.13652171194553375","0.13652171194553375","0.13652171194553375"
"93","0.13634605705738068","0.13634605705738068","0.13634605705738068"
"94","0.13427627086639404","0.13427627086639404","0.13427627086639404"
"95","0.13276028633117676","0.13276028633117676","0.13276028633117676"
"96","0.13435742259025574","0.13435742259025574","0.13435742259025574"
"97","0.1302197426557541","0.1302197426557541","0.1302197426557541"
"98","0.13008831441402435","0.13008831441402435","0.13008831441402435"
"99","0.12904632091522217","0.12904632091522217","0.12904632091522217"
"100","0.13066841661930084","0.13066841661930084","0.13066841661930084"
"101","0.13495272397994995","0.13495272397994995","0.13495272397994995"
"102","0.13183899223804474","0.13183899223804474","0.13183899223804474"
"103","0.1270824521780014","0.1270824521780014","0.1270824521780014"
"104","0.13471078872680664","0.13471078872680664","0.13471078872680664"
"105","0.1408826857805252","0.1408826857805252","0.1408826857805252"
"106","0.1294258087873459","0.1294258087873459","0.1294258087873459"
"107","0.1273973286151886","0.1273973286151886","0.1273973286151886"
"108","0.132930725812912","0.132930725812912","0.132930725812912"
"109","0.12642984092235565","0.12642984092235565","0.12642984092235565"
"110","0.14091499149799347","0.14091499149799347","0.14091499149799347"
"111","0.12623319029808044","0.12623319029808044","0.12623319029808044"
"112","0.1337222456932068","0.1337222456932068","0.1337222456932068"
"113","0.13601234555244446","0.13601234555244446","0.13601234555244446"
"114","0.12813478708267212","0.12813478708267212","0.12813478708267212"
"115","0.1282259225845337","0.1282259225845337","0.1282259225845337"
"116","0.12167660892009735","0.12167660892009735","0.12167660892009735"
"117","0.13302351534366608","0.13302351534366608","0.13302351534366608"
"118","0.13070671260356903","0.13070671260356903","0.13070671260356903"
"119","0.1280965805053711","0.1280965805053711","0.1280965805053711"
"120","0.13282766938209534","0.13282766938209534","0.13282766938209534"
"121","0.12549102306365967","0.12549102306365967","0.12549102306365967"
"122","0.12080904841423035","0.12080904841423035","0.12080904841423035"
"123","0.11290352791547775","0.11290352791547775","0.11290352791547775"
"124","0.118130624294281","0.118130624294281","0.118130624294281"
"125","0.11798185110092163","0.11798185110092163","0.11798185110092163"
"126","0.10826807469129562","0.10826807469129562","0.10826807469129562"
"127","0.10548394173383713","0.10548394173383713","0.10548394173383713"
"128","0.1015564426779747","0.1015564426779747","0.1015564426779747"
"129","0.1074509397149086","0.1074509397149086","0.1074509397149086"
"130","0.0980578288435936","0.0980578288435936","0.0980578288435936"
"131","0.09833889454603195","0.09833889454603195","0.09833889454603195"
"132","0.11142679303884506","0.11142679303884506","0.11142679303884506"
"133","0.10308192670345306","0.10308192670345306","0.10308192670345306"
"134","0.1065937876701355","0.1065937876701355","0.1065937876701355"
"135","0.09200090914964676","0.09200090914964676","0.09200090914964676"
"136","0.0928867757320404","0.0928867757320404","0.0928867757320404"
"137","0.09771163761615753","0.09771163761615753","0.09771163761615753"
"138","0.09905646741390228","0.09905646741390228","0.09905646741390228"
"139","0.10197339951992035","0.10197339951992035","0.10197339951992035"
"140","0.10761089622974396","0.10761089622974396","0.10761089622974396"
"141","0.11615908145904541","0.11615908145904541","0.11615908145904541"
"142","0.1212383434176445","0.1212383434176445","0.1212383434176445"
"143","0.13090109825134277","0.13090109825134277","0.13090109825134277"
"144","0.12281094491481781","0.12281094491481781","0.12281094491481781"
"145","0.144795760512352","0.144795760512352","0.144795760512352"
"146","0.1318134367465973","0.1318134367465973","0.1318134367465973"
"147","0.13661356270313263","0.13661356270313263","0.13661356270313263"
"148","0.13907939195632935","0.13907939195632935","0.13907939195632935"
"149","0.13955438137054443","0.13955438137054443","0.13955438137054443"
"150","0.14585407078266144","0.14585407078266144","0.14585407078266144"
"151","0.13988511264324188","0.13988511264324188","0.13988511264324188"
"152","0.1417728066444397","0.1417728066444397","0.1417728066444397"
"153","0.1393965482711792","0.1393965482711792","0.1393965482711792"
"154","0.13069717586040497","0.13069717586040497","0.13069717586040497"
"155","0.14892150461673737","0.14892150461673737","0.14892150461673737"
"156","0.13606351613998413","0.13606351613998413","0.13606351613998413"
"157","0.1380346566438675","0.1380346566438675","0.1380346566438675"
"158","0.136520117521286","0.136520117521286","0.136520117521286"
"159","0.12651333212852478","0.12651333212852478","0.12651333212852478"
"160","0.13590480387210846","0.13590480387210846","0.13590480387210846"
"161","0.12394767999649048","0.12394767999649048","0.12394767999649048"
"162","0.1353762298822403","0.1353762298822403","0.1353762298822403"
"163","0.12082655727863312","0.12082655727863312","0.12082655727863312"
"164","0.11348510533571243","0.11348510533571243","0.11348510533571243"
"165","0.11402678489685059","0.11402678489685059","0.11402678489685059"
"166","0.1183781772851944","0.1183781772851944","0.1183781772851944"
"167","0.14273878931999207","0.14273878931999207","0.14273878931999207"
"168","0.12843182682991028","0.12843182682991028","0.12843182682991028"
"169","0.12209274619817734","0.12209274619817734","0.12209274619817734"
"170","0.11855889856815338","0.11855889856815338","0.11855889856815338"
"171","0.11447763442993164","0.11447763442993164","0.11447763442993164"
"172","0.12389229238033295","0.12389229238033295","0.12389229238033295"
"173","0.12888656556606293","0.12888656556606293","0.12888656556606293"
"174","0.11607201397418976","0.11607201397418976","0.11607201397418976"
"175","0.11619846522808075","0.11619846522808075","0.11619846522808075"
"176","0.1118704155087471","0.1118704155087471","0.1118704155087471"
"177","0.11483800411224365","0.11483800411224365","0.11483800411224365"
"178","0.11382733285427094","0.11382733285427094","0.11382733285427094"
"179","0.11170105636119843","0.11170105636119843","0.11170105636119843"
"180","0.10748788714408875","0.10748788714408875","0.10748788714408875"
"181","0.1263635903596878","0.1263635903596878","0.1263635903596878"
"182","0.11491166055202484","0.11491166055202484","0.11491166055202484"
"183","0.11036668717861176","0.11036668717861176","0.11036668717861176"
"184","0.10452906787395477","0.10452906787395477","0.10452906787395477"
"185","0.10714296251535416","0.10714296251535416","0.10714296251535416"
"186","0.10079440474510193","0.10079440474510193","0.10079440474510193"
"187","0.11502150446176529","0.11502150446176529","0.11502150446176529"
"188","0.10122250765562057","0.10122250765562057","0.10122250765562057"
"189","0.09985959529876709","0.09985959529876709","0.09985959529876709"
"190","0.10413441061973572","0.10413441061973572","0.10413441061973572"
"191","0.0996531993150711","0.0996531993150711","0.0996531993150711"
"192","0.10472803562879562","0.10472803562879562","0.10472803562879562"
"193","0.10077745467424393","0.10077745467424393","0.10077745467424393"
"194","0.09566101431846619","0.09566101431846619","0.09566101431846619"
"195","0.08299627900123596","0.08299627900123596","0.08299627900123596"
"196","0.10721238702535629","0.10721238702535629","0.10721238702535629"
"197","0.0906851515173912","0.0906851515173912","0.0906851515173912"
"198","0.0910131186246872","0.0910131186246872","0.0910131186246872"
"199","0.09205159544944763","0.09205159544944763","0.09205159544944763"
"200","0.09400653839111328","0.09400653839111328","0.09400653839111328"
"201","0.09088988602161407","0.09088988602161407","0.09088988602161407"
"202","0.08942718058824539","0.08942718058824539","0.08942718058824539"
"203","0.08739892393350601","0.08739892393350601","0.08739892393350601"
"204","0.07849428802728653","0.07849428802728653","0.07849428802728653"
"205","0.09425956755876541","0.09425956755876541","0.09425956755876541"
"206","0.08856154978275299","0.08856154978275299","0.08856154978275299"
"207","0.09599612653255463","0.09599612653255463","0.09599612653255463"
"208","0.093392014503479","0.093392014503479","0.093392014503479"
"209","0.08826029300689697","0.08826029300689697","0.08826029300689697"
"210","0.08593636751174927","0.08593636751174927","0.08593636751174927"
"211","0.08015316724777222","0.08015316724777222","0.08015316724777222"
"212","0.08180191367864609","0.08180191367864609","0.08180191367864609"
"213","0.08497410267591476","0.08497410267591476","0.08497410267591476"
"214","0.08081287890672684","0.08081287890672684","0.08081287890672684"
"215","0.0798472911119461","0.0798472911119461","0.0798472911119461"
"216","0.07201351970434189","0.07201351970434189","0.07201351970434189"
"217","0.08079440146684647","0.08079440146684647","0.08079440146684647"
"218","0.07818590104579926","0.07818590104579926","0.07818590104579926"
"219","0.07026346772909164","0.07026346772909164","0.07026346772909164"
"220","0.07159958779811859","0.07159958779811859","0.07159958779811859"
"221","0.06860879808664322","0.06860879808664322","0.06860879808664322"
"222","0.06662748008966446","0.06662748008966446","0.06662748008966446"
"223","0.0671047642827034","0.0671047642827034","0.0671047642827034"
"224","0.06733153015375137","0.06733153015375137","0.06733153015375137"
"225","0.06386642903089523","0.06386642903089523","0.06386642903089523"
"226","0.06233225762844086","0.06233225762844086","0.06233225762844086"
"227","0.05457866191864014","0.05457866191864014","0.05457866191864014"
"228","0.05405993387103081","0.05405993387103081","0.05405993387103081"
"229","0.05782695114612579","0.05782695114612579","0.05782695114612579"
"230","0.0557931624352932","0.0557931624352932","0.0557931624352932"
"231","0.059404972940683365","0.059404972940683365","0.059404972940683365"
"232","0.061727218329906464","0.061727218329906464","0.061727218329906464"
"233","0.05408333241939545","0.05408333241939545","0.05408333241939545"
"234","0.05265214294195175","0.05265214294195175","0.05265214294195175"
"235","0.056383222341537476","0.056383222341537476","0.056383222341537476"
"236","0.05158022791147232","0.05158022791147232","0.05158022791147232"
"237","0.04930109530687332","0.04930109530687332","0.04930109530687332"
"238","0.04940417408943176","0.04940417408943176","0.04940417408943176"
"239","0.044454365968704224","0.044454365968704224","0.044454365968704224"
"240","0.04700777307152748","0.04700777307152748","0.04700777307152748"
"241","0.042985476553440094","0.042985476553440094","0.042985476553440094"
"242","0.0426284596323967","0.0426284596323967","0.0426284596323967"
"243","0.04132048785686493","0.04132048785686493","0.04132048785686493"
"244","0.03763298690319061","0.03763298690319061","0.03763298690319061"
"245","0.041959457099437714","0.041959457099437714","0.041959457099437714"
"246","0.0320487879216671","0.0320487879216671","0.0320487879216671"
"247","0.03732111677527428","0.03732111677527428","0.03732111677527428"
"248","0.03927398473024368","0.03927398473024368","0.03927398473024368"
"249","0.04051319137215614","0.04051319137215614","0.04051319137215614"
"250","0.04065357893705368","0.04065357893705368","0.04065357893705368"
"251","0.042969316244125366","0.042969316244125366","0.042969316244125366"
"252","0.041495274752378464","0.041495274752378464","0.041495274752378464"
"253","0.038078296929597855","0.038078296929597855","0.038078296929597855"
"254","0.040270205587148666","0.040270205587148666","0.040270205587148666"
"255","0.04083596169948578","0.04083596169948578","0.04083596169948578"
"256","0.04304138571023941","0.04304138571023941","0.04304138571023941"
"257","0.04262339323759079","0.04262339323759079","0.04262339323759079"
"258","0.04332505166530609","0.04332505166530609","0.04332505166530609"
"259","0.045881226658821106","0.045881226658821106","0.045881226658821106"
"260","0.04850350692868233","0.04850350692868233","0.04850350692868233"
"261","0.044915083795785904","0.044915083795785904","0.044915083795785904"
"262","0.047998376190662384","0.047998376190662384","0.047998376190662384"
"263","0.04706554114818573","0.04706554114818573","0.04706554114818573"
"264","0.050133660435676575","0.050133660435676575","0.050133660435676575"
"265","0.04922102764248848","0.04922102764248848","0.04922102764248848"
"266","0.04893796890974045","0.04893796890974045","0.04893796890974045"
"267","0.05111375451087952","0.05111375451087952","0.05111375451087952"
"268","0.04752280190587044","0.04752280190587044","0.04752280190587044"
"269","0.044305406510829926","0.044305406510829926","0.044305406510829926"
"270","0.04190229997038841","0.04190229997038841","0.04190229997038841"
"271","0.04445182904601097","0.04445182904601097","0.04445182904601097"
"272","0.042848967015743256","0.042848967015743256","0.042848967015743256"
"273","0.04044979810714722","0.04044979810714722","0.04044979810714722"
"274","0.03912774473428726","0.03912774473428726","0.03912774473428726"
"275","0.03884328529238701","0.03884328529238701","0.03884328529238701"
"276","0.04398130252957344","0.04398130252957344","0.04398130252957344"
"277","0.04087959975004196","0.04087959975004196","0.04087959975004196"
"278","0.041654668748378754","0.041654668748378754","0.041654668748378754"
"279","0.03893621638417244","0.03893621638417244","0.03893621638417244"
"280","0.0416560098528862","0.0416560098528862","0.0416560098528862"
"281","0.039913080632686615","0.039913080632686615","0.039913080632686615"
"282","0.042939409613609314","0.042939409613609314","0.042939409613609314"
"283","0.04046320170164108","0.04046320170164108","0.04046320170164108"
"284","0.03678683936595917","0.03678683936595917","0.03678683936595917"
"285","0.03686415031552315","0.03686415031552315","0.03686415031552315"
"286","0.03557658940553665","0.03557658940553665","0.03557658940553665"
"287","0.03306315466761589","0.03306315466761589","0.03306315466761589"
"288","0.033700112253427505","0.033700112253427505","0.033700112253427505"
"289","0.03438794985413551","0.03438794985413551","0.03438794985413551"
"290","0.03381599485874176","0.03381599485874176","0.03381599485874176"
"291","0.0313030481338501","0.0313030481338501","0.0313030481338501"
"292","0.034077905118465424","0.034077905118465424","0.034077905118465424"
"293","0.029182732105255127","0.029182732105255127","0.029182732105255127"
"294","0.028143418952822685","0.028143418952822685","0.028143418952822685"
"295","0.03169050067663193","0.03169050067663193","0.03169050067663193"
"296","0.027266107499599457","0.027266107499599457","0.027266107499599457"
"297","0.02921757474541664","0.02921757474541664","0.02921757474541664"
"298","0.030897241085767746","0.030897241085767746","0.030897241085767746"
"299","0.03785265237092972","0.03785265237092972","0.03785265237092972"
"300","0.03230498731136322","0.03230498731136322","0.03230498731136322"
"301","0.033878687769174576","0.033878687769174576","0.033878687769174576"
"302","0.03121441975235939","0.03121441975235939","0.03121441975235939"
"303","0.030384879559278488","0.030384879559278488","0.030384879559278488"
"304","0.02730363793671131","0.02730363793671131","0.02730363793671131"
"305","0.02520153857767582","0.02520153857767582","0.02520153857767582"
"306","0.026098404079675674","0.026098404079675674","0.026098404079675674"
"307","0.025026783347129822","0.025026783347129822","0.025026783347129822"
"308","0.02183060348033905","0.02183060348033905","0.02183060348033905"
"309","0.020571570843458176","0.020571570843458176","0.020571570843458176"
"310","0.020588349550962448","0.020588349550962448","0.020588349550962448"
"311","0.017282137647271156","0.017282137647271156","0.017282137647271156"
"312","0.019707266241312027","0.019707266241312027","0.019707266241312027"
"313","0.020026523619890213","0.020026523619890213","0.020026523619890213"
"314","0.025457818061113358","0.025457818061113358","0.025457818061113358"
"315","0.02982192113995552","0.02982192113995552","0.02982192113995552"
"316","0.023023078218102455","0.023023078218102455","0.023023078218102455"
"317","0.021285150200128555","0.021285150200128555","0.021285150200128555"